mol,smiles
mol1,C12=C(C3C=CC(=CC=3)Cl)C=NN1C(=C(C1C=CC=CC=1)C(C)=N2)N
mol2,C(COC1=CC=C(C=C1C)Br)(=O)N/N=C(\C)/CC(NCC)=O
mol3,C(=O)(NC1=CC=C(C=C1)OCCCC)C1CC1
mol4,N(=O)(=O)C1C=C(C=C(C=1)N(=O)=O)C(=O)OC1=CC=C(C=C1)/C=N/C1C=CC(=CC=1)N(C)C
mol5,N1(C2C=CC(=CC=2)C(C)C)CC(CC1=O)C(=O)NC1C=C(Cl)C=C(Cl)C=1
mol6,C(=O)(OC1C=CC(=CC=1)/C=N/C1=CC=C(C=C1)N(C)C)C1C=CC=CC=1Cl
mol7,C1(N)N(C2=CC=CC=C2)N=CC=1C(O)=O
mol8,C(=O)(N/N=C/C1C=CC(=C(OCC)C=1)OCCC)C(=O)NC1=CC=CC(OC)=C1
mol9,C1(C(OCC)=O)C(C2C=CC(=CC=2)C)C2C(=O)CC(CC=2OC=1N)(C)C
mol10,C(=O)(N/N=C\C1=CC=C(C=C1OCC1C=CC=CC=1)OCC1C=CC=CC=1)C1=CC=C(C=C1)OCCCCCCCC
mol11,S(=O)(=O)(C1=CC=C(C=C1)F)N1CCC(CC1)C(=O)NC1C=CC(=C(Cl)C=1)Cl
mol12,C(=O)(NC1=CC=CC(Cl)=C1)CC(=O)N/N=C/C1C=CC(=C(OC)C=1)O
mol13,C1(NC(=O)C2C=CC(=CC=2)Cl)=C(C2C=CC=CC=2)N=C2SC=CN12
mol14,N(=O)(=O)C1=CC(=CC(=C1)N(=O)=O)C(=O)OC1=CC=C(C=C1)/C=N/C1C=CC(=CC=1)C1C=CC(=CC=1)/N=C/C1C=CC(=CC=1)OC(=O)C1C=C(C=C(C=1)N(=O)=O)N(=O)=O
mol15,N12N=NN=C1NC(C1C=CC(=CC=1)Cl)=CC2C1=CC=CO1
mol16,N(=O)(=O)C1=CC=C(C=C1)C(=O)N/N=C\C1=CC=C(C=C1OCC1=CC=CC=C1)OCC1C=CC=CC=1
mol17,C1(C(OCC=C)=O)=C(C)NC2=C(C(=O)CC(C)(C)C2)C1C1C=CC=C(O)C=1
mol18,C(COC1C=C(C)C=CC=1C)(=O)NN=CC1C=CC2=C(OCO2)C=1
mol19,C(N(CC)CC)(=S)OC1=CC=CC(=C1)C(=O)NC1C=CC(=CC=1)I
mol20,C1(C(OCCOC)=O)=C(C)NC2=C(C(=O)CC(C3=CC=CC=C3)C2)C1C1C=CC(=C(OC)C=1)OCCC
mol21,C(=O)(NC1=CC=CC(Cl)=C1)CC(=O)N/N=C/C1C=CC(=CC=1OC)OC
mol22,C1(C(=O)OC2CCCCCCC2)=C(C)NC(NC1C1C=CC2=C(OCO2)C=1)=O
mol23,C(=O)(NC1=CC=CC(Cl)=C1)CC(=O)N/N=C/C1C=C(OC)C=CC=1OC
mol24,N1(C2=CC=C(C=C2)OC)C(=O)CC(N(CCC2C=CC=CC=2)C(CCC(O)=O)=O)C1=O
mol25,N(=C1/CCCCCCCCCCC/1)\NC(CC1C=CC(=CC=1)C)=O
mol26,C1(SC(CC)C(=O)NC2=CC=C(C=C2)Cl)SC2=C(C=CC(N)=C2)N=1
mol27,C1(C=C(Cl)C=CC=1OC)C(=O)NC1C=CC(=CC=1)C#N
mol28,C(=O)(N/N=C/C1C=CC(=CC=1)OCC1=CC=C(C=C1)Cl)C1=CC=C(C=C1)N(C)C
mol29,C1(C=C(OC)C(=CC=1N(=O)=O)OC)C(=O)NC1=NN=C(CC(C)(C)C)S1
mol30,C1(SC2=C(C=CC=C2)N=1)NC(=O)C1=CC=C2C(OCCO2)=C1
mol31,C(=O)(NC1=CC=CC(Cl)=C1)CC(=O)N/N=C/C1C=CC=C(OC)C=1OC
mol32,C1(C(C)=NNC(=O)C2=CC=CN=C2)=CC2C=C(Cl)C=CC=2OC1=O
mol33,C12=C(O)CC(CC1=NC1=C(C=CC=C1)N(C(CCC(O)=O)=O)C2C1C=CC(=CC=1)C(OC)=O)C1C=CC=CC=1
mol34,C1(=CC=C(C=C1N(=O)=O)C(=O)OC1C=CC(=CC=1)/C=N/C1C(=CC=CC=1Cl)Cl)C(=O)OC1C=CC(=CC=1)/C=N/C1C(=CC=CC=1Cl)Cl
mol35,N(=CC1C=CC(=C(OCC)C=1)O)NC(CCCC1C=CC(=CC=1C)OC)=O
mol36,C(=O)(N/N=C/C1C=CC=C(OC)C=1)C(=O)NCC1C=CC=CC=1
mol37,N(=NC1C=CC=C2C=CC=CC=12)C1C=C(CC)C=CC=1O
mol38,C(COC1=CC=C(C=C1C)Br)(=O)N/N=C(\C)/CC(=O)NCC1=CC=C(C=C1)Cl
mol39,S(=O)(=O)(C1=CC=C(C=C1)NC(=O)C1C=CC=CC=1I)NC1C=C(ON=1)C
mol40,C(=S)(OC1=CC=CC(=C1)C(=O)NC1=CC=C(C=C1)I)N(CC(C)C)CC(C)C
mol41,C(/NC1C=CC=C(Cl)C=1)(\NC1=NC(C)=CC(C)=N1)=N\C(=O)NC1=CC=C(C(Cl)=C1)Cl
mol42,C(=O)(C1=CC=C(C=C1)NC(C)=O)NC(C)CCC1=CC=CC=C1
mol43,N(=O)(=O)C1C=CC(=CC=1)OCC(=O)C1=CC=C(C=C1)Br
mol44,C1(C2C=C(OC)C(=C(OC)C=2)OC)=NC2C=CC(=CC=2C(C2=CC=CC=C2)N1CC(OCC)=O)Br
mol45,C1(=CC(=CC=C1O)CC1=CC=C(C(/C=N/C2=CC=CC=C2CC)=C1)O)/C=N/C1C=CC=CC=1CC
mol46,C1(C=CC=CC=1NC(=O)C1C=CC(=C(NC(COC2=CC=CC=C2OC)=O)C=1)C)C(O)=O
mol47,N(/C1C=CC(=CC=1)C)=C\C1C=CC(=CC=1)OCC1=CC=C(C=C1)Cl
mol48,N12C3C=CC=CC=3N=C1SC(C(=O)NC1=CC=CC3=CC=CC=C13)=CC2=O
mol49,C(=O)(N/N=C/C1C=CC=C(OC)C=1)C(=O)NC1=CC=CC(=C1)C(F)(F)F
mol50,C(C1C=CC=CC=1)(=O)NN=CC1C=CC=CC=1OCCCOC1=CC=CC(OC)=C1
mol51,C(=O)(N/N=C/C1C=CC=C(OC)C=1)C(=O)NC1=CC=CC(Br)=C1
mol52,C(N)(NN=CC1C=CC(=CC=1)OCCOCCOC1=CC=CC=C1C)=S
mol53,N(/C1C=CC(=CC=1)C)=C\C1=CC=C(C=C1)OCC1=CC=C(C=C1)Br
mol54,C1(CCCC=1NC1=CC=C(C=C1)Cl)C#N
mol55,C1(NC(=O)NC2C=CC(=CC=2Cl)Cl)=NN=C(COC2C=CC(=CC=2)OC)S1
mol56,C(F)(F)(C(F)(F)C(F)(F)C(F)(F)C1CC(N(C(=O)C2C=CC(=CC=2)F)N=1)(C)O)C(F)(F)C(F)(F)C(F)(F)C(F)(F)F
mol57,N1(CC(C)OC(C)C1)C(=S)C1=CC=C(C=C1)Cl
mol58,N(=C/C1C=CC=CC=1OCC1C=CC(=CC=1)Cl)\NC(CC1=CC=C(C=C1)C)=O
mol59,C1(C=CC(=CC=1OC)SC)C(=O)NC1C=CC=C(OC)C=1
mol60,C1(=CC(=CC=C1O)CC1=CC=C(C(/C=N/C2=CC=C(C(C)=C2)C)=C1)O)/C=N/C1C=CC(=C(C)C=1)C
mol61,C(=O)(NN=CC1C=CC=C(Cl)C=1Cl)C1=CC=CC(Br)=C1
mol62,C(=O)(OC1=CC=CC(=C1)/C=N/C1C=CC(=C(C)C=1)C)C1C=CC=CC=1C(=O)OC1=CC=C(C=C1)/C=N/C1=CC=C(C(C)=C1)C
mol63,N(=O)(=O)C1C(C)=CC=C(C=1)C(=O)O/N=C(\N)/CC1=CC=CC2=CC=CC=C12
mol64,S(C1C=CC=CC=1)(=O)(=O)N(C1=CC=C(C(Cl)=C1)Cl)CC(=O)N/N=C/C1C=CC(=CC=1)OCC1C=CC(=CC=1)N(=O)=O
mol65,C1(C2=CC=CC=C2Cl)OC2=C(C=C(C=C2)NC(=O)C2=CC(OC)=C(C(OC)=C2)OC)N=1
mol66,C(=O)(N/N=C/C1C=CC=C(OC)C=1)C(=O)NC1C=CC=C2C=CC=CC=12
mol67,S(=O)(=O)(NC1SC=CN=1)C1=C(Cl)C=CC(Cl)=C1
mol68,C(=O)(N/N=C/C1C=CC=C(OC)C=1)C(NCC=C)=O
mol69,C12SSC(=S)C=1C1=C(C(C)=CC=C1)N(C(=O)COC1=CC=C3C(C=CC=C3)=C1)C2(C)C
mol70,S(C1=CC=CC=C1)(=O)(=O)N(CC(=O)N/N=C/C1C=CC(=CC=1)OCC1C=CC(=CC=1)N(=O)=O)C1C=CC=CC=1OC
mol71,C12(SC(=C(C(OC)=O)S1)C(OC)=O)C(C(OC)=O)=C(C(OC)=O)SC1C(N(C(CCC3CCCCC3)=O)C3C=C(C)C=CC=3C2=1)(C)C
mol72,N(/C1=CC=C(C=C1)OC)=C\C1C=CC(=CC=1)OCC1=CC=C(C=C1)Cl
mol73,C(CCCC1=CC=CC=C1)(=O)NC1CCCC1
mol74,N(=O)(=O)C1C=CC(=CC=1)COC1C=CC(=CC=1)/C=N/NC(=O)CC#N
mol75,C1(=NC2C=CC=C(C=2)C(O)=O)SC(C(=O)N1C)=CC1=CC=C(C(OC)=C1)O
mol76,C(C(NCC=C)=O)C(=O)N/N=C/C1C=CC=C(OC)C=1
mol77,C(=O)(OC1C=CC(=CC=1OC)C=NNC(NCC)=S)C1=CC=CS1
mol78,N(=O)(=O)C1=CC=CC2=C(C=CC=C12)C(=O)NC(C(=O)OCC1C=CC=CC=1)CC(OCC1C=CC=CC=1)=O
mol79,N1(CC2=CC=CN=C2)C(=O)C(SC1=NC1C=CC=CC=1)=CC1C2C=CC=CC=2NC=1
mol80,C1(=CC2C3C=CC=CC=3C=CC=2OC1=O)C1SC=C(C2=CC=CC=C2)N=1
mol81,C1(=CC=C(C=C1N(=O)=O)C(=O)OC1C=CC(=CC=1)/C=N/NC(=O)C1=CC=CC=C1O)C(=O)OC1C=CC(=CC=1)/C=N/NC(=O)C1=CC=CC=C1O
mol82,N(C(=O)C1=CC=CC(C)=C1)C(=S)NC1=CC=C(C=C1)C(C)=O
mol83,N(=O)(=O)C1C=CC(=CC=1)COC1C=CC(=CC=1)/C=N/NC(CSCC1=CC=CC(Cl)=C1)=O
mol84,N1C(N2CCCC2)=NC(=NC=1N1CCCC1)NN=CC1=CC(Cl)=CC=C1OCC1C=CC=C2C=CC=CC=12
mol85,S(C1C=CC=CC=1)(=O)(=O)N(C1=CC=C(C(Cl)=C1)C)CC(=O)N/N=C/C1C=CC(=C(Br)C=1)N(C)C
mol86,C1(C#N)C(C2C=CN=CC=2)C2C=CC3=C(N=CC=C3)C=2OC=1N
mol87,N(/C1=CC=CC(C)=C1)=C\C1=CC=C(C=C1)OCC1C=CC=CC=1
mol88,S(C1=CC=CC=C1)(=O)(=O)N(C1C=CC(=CC=1)OC)CC(=O)N/N=C/C1C=CC(=C(Br)C=1)N(C)C
mol89,N1=C(N2CCOCC2)N=C(N=C1N1CCOCC1)NNC(=S)NC1CCCCC1
mol90,N(/C1=CC=CC(C)=C1)=C\C1C=CC(=CC=1)OCC1C=CC=CC=1Cl
mol91,S(C1C=CC=CC=1)(=O)(=O)N(C1=CC=C(C=C1)C(C)C)CC(=O)N/N=C/C1C=CC(=C(Br)C=1)N(C)C
mol92,C(=O)(N/N=C/C1C=CC=C(OC)C=1)C1=CC=C(C(OC)=C1)OC
mol93,S(C1=CC=CC=C1)(=O)(=O)N(C1=CC=CC(Cl)=C1)CC(=O)N/N=C/C1C=CC(=C(Br)C=1)N(C)C
mol94,C(=O)(OC1=CC=C(C=C1)/C=N/C1C=CC(=CC=1)/N=C\C1C=CC(=CC=1)OC(=O)/C=C\C1=CC=C(C=C1)Br)/C=C/C1=CC=C(C=C1)Br
mol95,C(=O)(N/N=C/C1C=CC=C(OC)C=1OC)C(=O)NCC1C=CC(=CC=1)Cl
mol96,S(C1C=CC=CC=1)(=O)(=O)N(CC(=O)N/N=C/C1C=CC(=C(Br)C=1)N(C)C)C1C=CC=CC=1OC
mol97,C1(NNC(=O)C2C=CC(=CC=2)O)OC(C)C(C(O)C1O)O
mol98,S(=O)(=O)(C1C=CC(=CC=1)N(=O)=O)N(C)CC(=O)OCC(C1=CC=CC=C1)=O
mol99,C(=O)(/C=C/C1C=CC(=CC=1)Br)OC1=CC=CC=C1/C=N\C1C=CC(=CC=1)/N=C/C1=CC=CC=C1OC(=O)/C=C/C1C=CC(=CC=1)Br
mol100,C1(OC2=C(C=CC=C2)N=1)C1=CC(=CC=C1Cl)NC(=S)NC(=O)C=CC1=CC=CC(=C1)N(=O)=O
mol101,N(=O)(=O)C1=CC=CC(=C1)/C=N/NC(CSCC1C=CC(=CC=1)N(=O)=O)=O
mol102,N#CC1C=CC(=CC=1)C(C)=O
mol103,N(=C/C1=CC=C(C=C1)OC(=O)/C=C/C1=CC=C(C=C1)Br)\C1=CC=CC(C)=C1C
mol104,N(=O)(=O)C1=CC=CC=C1/C=N/NC(CSCC1C=CC(=CC=1)N(=O)=O)=O
mol105,N(=O)(=O)C1=CC=C(C=C1)CSCC(=O)N/N=C/C1C=CC=C(Br)C=1
mol106,N(=C/C1=CC=C(C=C1)OC(=O)/C=C/C1C=CC(=CC=1)Br)\C1=CC(C)=CC=C1C
mol107,C1(=CC=C(C=C1N(=O)=O)C(=O)OC1=CC=C(C=C1)/C=N/C1=CC=C(C=C1)/N=N\C1=CC=CC=C1)C(=O)OC1=CC=C(C=C1)/C=N/C1C=CC(=CC=1)/N=N\C1C=CC=CC=1
mol108,C1(=CC=C(C=C1N(=O)=O)C(=O)OC1=CC=C(C=C1)/C=N/C1=CC=C(C=C1)Cl)C(=O)OC1=CC=C(C=C1)/C=N/C1C=CC(=CC=1)Cl
mol109,N(=O)(=O)C1=CC=C(C=C1)CSCC(=O)N/N=C/C1=CC=C(C=C1)Br
mol110,C1(OC2=C(C=C(C=C2)CC)N=1)C1=CC(=CC=C1Cl)NC(=S)NC(=O)C1=C(C)C2=C(C=CC=C2)O1
mol111,C1(=CC=C(C=C1N(=O)=O)C(=O)OC1=CC=C(C=C1)/C=N/C1=CC=C(C=C1)Br)C(=O)OC1=CC=C(C=C1)/C=N/C1C=CC(=CC=1)Br
mol112,N1(C2=CC=CC=C2C2C=CC=CC=2)C(=O)C2=C(C=C(C=C2)C(=O)NC2=CC=C(C=C2)SC2=CC=C(C=C2)N(=O)=O)C1=O
mol113,S(C)(=O)(=O)N(C1C=CC(=CC=1)Cl)CC(=O)NC1C=CC(=CC=1)Cl
mol114,C(=O)(NC1=CC=C(C=C1)C(OCC)=O)C/C(/C)=N/NC(COC1C=CC(=CC=1)OC)=O
mol115,C(=O)(OC1=CC=C(C=C1)/C=N/C1=CC=CC(OC)=C1)/C=C/C1C=CC(=CC=1)Br
mol116,C(C(OC)=O)(=CC1C2C=CC=CC=2N(C(C)=O)C=1)N(=O)=O
mol117,N(=O)(=O)C1C=CC(=CC=1)CSCC(=O)N/N=C/C1C=CC(=C(OC)C=1)OC
mol118,C(=O)(OC1=CC=C(C=C1OC)C=N/N=C(\N)/N)C1=CC=CC=C1Cl
mol119,N(=O)(=O)C1=CC=C(C=C1)CSCC(=O)N/N=C/C1C=CC2=C(OCO2)C=1
mol120,C1(=CC=C(C2=CC=CC=C2)O1)C(=O)N/N=C(/C1C=CC(=CC=1)OC)\C1C=CC(=CC=1)OC
mol121,C(N(CC=C)CC=C)(=S)OC1=CC=CC(=C1)C(=O)NC1=CC=CC=C1
mol122,N1(N=C(C(=NNC2=CC=C(C=C2)Cl)C1=O)C1=CC=CC=C1)C1SC=C(C2=CC=C(C=C2)CCCC)N=1
mol123,N(=O)(=O)C1=CC=C(C=C1)CSCC(=O)N/N=C/C1=CC=C(C=C1)OCC=C
mol124,S(=O)(=O)(C1=CC=C(C=C1)NC(=O)C1=C(C)ON=C1C1=CC=CC=C1)N1CCCC1
mol125,N(=O)(=O)C1C=CC=C(C=1C)C(=O)NC(=S)NC1C=CC(=CC=1)OC
mol126,N(=C/C1=CC=C(C=C1)OC(=O)/C=C/C1C=CC(=CC=1)Br)\C1=CC=C(C=C1C)C
mol127,C1(C2=C(C=CC=C2Cl)Cl)=NOC(C)=C1C(=O)NC1C=CC=C(Br)C=1
mol128,N(=C/C1=CC=C(C=C1)OC(=O)/C=C/C1C=CC(=CC=1)Br)\C1=CC=CC=C1C
mol129,C(C1C=CC=CC=1)(=O)NCC(=O)NCC(=O)N/N=C/C1C=C(OC)C=CC=1OC
mol130,N(=O)(=O)C1=CC=CC(=C1)/C=N/NC(CNC(CNC(C1=CC=CC=C1)=O)=O)=O
mol131,N(=O)(=O)C1=CC=CC(=C1)C=NNC(=O)C1=CC=CC=C1C
mol132,C(F)(F)(F)C1=CC=C(C(=C1)NC(=O)C1C=CC(=CC=1)Cl)Cl
mol133,C1(NC2C=CC=C(Cl)C=2C)N=C(CN2CCC3=C(C=CC=C3)C2)N=C(N)N=1
mol134,C1(=CC=C(C=C1N(=O)=O)C(=O)OC1=CC=C(C=C1)/C=N/C1C=CC(=CC=1)OC)C(=O)OC1=CC=C(C=C1)/C=N/C1C=CC(=CC=1)OC
mol135,N(=O)(=O)C1C=CC=CC=1C(=O)NC1CCCC1
mol136,C(CC1C=CC(=CC=1)Br)(=O)NC1=CC=C(C=C1F)F
mol137,N1C(=O)/C(/SC1=S)=C\C1=CC=C(C=C1)OC(=O)C1=CC=C(C(=C1)N(=O)=O)C(=O)OC1C=CC(=CC=1)/C=C1\SC(NC\1=O)=S
mol138,N(=O)(=O)C1C=CC(=CC=1)N1CCN(CC1)C(=O)CC1C=CC=CC=1OC
mol139,N(=O)(=O)C1=CC=C(C=C1)CSCC(=O)N/N=C/C1=CC=C(C=C1)OCC1=CC=C(C=C1)Cl
mol140,C1(NC(C(CC)CC)=O)=C(C)N(N(C2C=CC=CC=2)C1=O)C
mol141,N(=O)(=O)C1=CC=C(C=C1)CSCC(=O)N/N=C/C1=CC=C(C=C1)OCC1=CC=C(C=C1)C
mol142,C1(SCC(=O)NCC2=CC=CO2)NC2=C(C=CC=C2)N=1
mol143,C(NCCCCCC)(=O)C1=CC=C(C=C1)OC(C)=O
mol144,N(=O)(=O)C1=CC=C(C=C1)CSCC(=O)N/N=C/C1C=CC(=C(OCC)C=1)OCC1C=CC=CC=1
mol145,C(=O)(C1C=CC=CC=1C)NC(C)C1C=CC=CC=1
mol146,N(=O)(=O)C1C=CC(=CC=1)CSCC(=O)N/N=C/C1C=CC(=C(OCC)C=1)OCCC
mol147,C(=O)(NC1=CC=C2C(OCO2)=C1)C(=O)NCC1CCCO1
mol148,C1(=CC=C(C=C1N(=O)=O)C(=O)OC1C=CC(=CC=1)/C=N/C1C=CC=CC=1O)C(=O)OC1C=CC(=CC=1)/C=N/C1C=CC=CC=1O
mol149,C12OC(N)=C(C(C3C=CC=CC=3Cl)C=1C(=NN2C1C=CC(=CC=1)Br)C)C#N
mol150,C(OCC1C=CC(=CC=1)OC)(=O)N/N=C(\C)/CC(NCCC1C=CC=CC=1)=O
mol151,N(=O)(=O)C1C=C(C=C(C(NCCOC)=O)C=1)C(OC)=O
mol152,C1(C(OC)=O)=CN(CC2C=CC=CC=2)C=C(C(OC)=O)C1C1C=CC(=C(Cl)C=1)Cl
mol153,C1(=CC=C(C=C1N(=O)=O)C(=O)OC1=CC=C(C=C1)/C=N/C1=CC=CC(C)=C1)C(=O)OC1=CC=C(C=C1)/C=N/C1=CC=CC(C)=C1
mol154,S(C)(=O)(=O)N(C1=CC=C(C=C1)I)CC(=O)NC1=CC=CC(Cl)=C1C
mol155,S(C1=CC=CC=C1)(=O)(=O)N(CC(=O)N/N=C(\C)/C1C=CC=C(I)C=1)C1C=CC(=CC=1C)C
mol156,C1(NC(=O)C2C=CC=CC=2C)SC2=C(CCC2)C=1C(NC)=O
mol157,C(=O)(C1C=CC=C(F)C=1)NC1C=CC(=CC=1Br)Br
mol158,N1(C2C=CC(=CC=2)Cl)C(=O)CC(N2CCOCC2)C1=O
mol159,S(C1=CC=CC=C1)(=O)(=O)N(C1=CC=C(C(Cl)=C1)Cl)CC(=O)N/N=C(\C)/C1C=CC=C(I)C=1
mol160,C1(C(=O)NN=CC2=C(C=CC=C2Cl)F)NN=C(C2C=CC(=CC=2)F)C=1
mol161,N1(C2=CC=C(C=C2)OC)CC2C(=CC3=C(CN(C3)C3C=CC(=CC=3)OC)C=2)C1
mol162,S1C(C2CCCC2)=NN=C1NC(=O)NC1C=CC(=CC=1)OC
mol163,C(=C/C1=CC=C(C=C1)N(=O)=O)(/C(=O)N/N=C/C1C=CC(=CC=1)Br)\C(=O)N/N=C/C1C=CC(=CC=1)Br
mol164,C1(=NN=C(COC2C=C(C)C=CC=2C(C)C)S1)NC(=O)C1C=CC(=CC=1Cl)Cl
mol165,N12CN(C)CN=C1SC(CO)(CO)C2=O
mol166,C1(NC(C2C=CC=CC=2)=O)N(CCOC2C=CC(=CC=2)OC)C2=C(C=CC=C2)N=1
mol167,C(=O)(C1=CC=CC(=C1)OC(NCC1C=CC=CC=1)=S)NC1C=CC(=CC=1)C
mol168,C1(CCCC(=CC2C=CC(=CC=2)C)C1=O)=CC1=CC=C(C=C1)C
mol169,S(=O)(=O)(C1=CC=C(C=C1)N(=O)=O)NCC(=O)NCC(=O)N/N=C/C1C=CC=C(C=1)N(=O)=O
mol170,N1=C(N)N(N=C1NC(C1C=CC=CC=1)=O)C1=CC=CC=C1
mol171,N(=C(/C)\C1C=CC=C(I)C=1)/NC(CSCC1C=CC=C(Cl)C=1)=O
mol172,C1(C2CCCCC=2SC=1NC(CCC(O)=O)=O)C(=O)NC1=CC=CC=C1C
mol173,S(C1=CC=CC=C1)(=O)(=O)N(C1=CC=C(C(Cl)=C1)C)CC(=O)N/N=C/C1C=CC(=C(OCC)C=1)OCC1C=CC(=CC=1)Cl
mol174,C1(=C(C)C=CC(Cl)=C1)NC(CC(C)C)=O
mol175,C1(=CC2C3C=CC=CC=3N(CCOC3=CC(C)=CC(C)=C3)C=2)C(=O)NN(C2=CC=CC=C2)C1=O
mol176,C(OCC1C=CC(=CC=1)OC)(=O)N/N=C(\C)/CC(=O)NC1C=CC2=C(C=CC=C2)C=1
mol177,C12NN=C(CC)C=1C(C(C#N)=C(N)O2)C1=CC=C(C=C1)OC(F)F
mol178,S(=O)(=O)(C1C=CC(=CC=1)N(=O)=O)NCC(=O)NCC(=O)N/N=C(\C)/C
mol179,S(=O)(=O)(C1C=CC(=CC=1)C)N1CCN(CC1C)C1=CC=C(C=C1)N(=O)=O
mol180,C(=O)(C1C=CC=C(C=1)OC(NCCCC(C)C)=S)NC1C=CC(=CC=1)OCC
mol181,N1(C2C=CC(=CC=2)OC)C(=O)C2C=CC=CC=2N=C1C=C1C2C=CC=CC=2N(CC)C1=O
mol182,S(C1C=CC=CC=1)(=O)(=O)N(C1=CC=C(C=C1)OCC)CC(=O)N/N=C/C1C=CC(=C(OCC)C=1)OCC1=CC=C(C=C1)Cl
mol183,N1(C2C=CC=CC=2)C(C2C=CC=CC=2)=C(C=C1C1C=CC=CC=1)/C=C1\C(=O)NC(NC\1=O)=O
mol184,C(=O)(C1C=CC=C(C=1)OC(NCC1C=CC=CC=1)=S)NC1=CC=C(C=C1)OCC
mol185,S(=O)(=O)(C1C=CC(=CC=1)C)NCC(=O)NCC(=O)N/N=C/C1C=CC=C(C=1)N(=O)=O
mol186,C(NCCC(C1=CC=CC=C1)C1C=CC=CC=1)(=S)NC1C=CC(=CC=1)OC
mol187,N(=O)(=O)C1C(OC)=CC=C(C=1)C(=O)NC(=S)NC1=CC=C(C=N1)Br
mol188,S(C1=CC=CC=C1)(=O)(=O)N(C1=CC=CC(Cl)=C1)CC(=O)N/N=C/C1C=CC(=C(OCC)C=1)OCC1C=CC(=CC=1)Cl
mol189,C1(C#N)C(C2=CC=CN=C2)C2C=C(CCCCCC)C(=CC=2OC=1N)O
mol190,C1(SC2=C(C=CC(=C2)N(=O)=O)N=1)NC(=O)C1C2=CC=CC=C2N=C(C2=CC=CC=C2)C=1
mol191,C1(=CC2=CC=C(C(OCC)=C2)OCCOC2C=CC(=CC=2OC)CC=C)C(=O)NN(C2C=CC=CC=2)C1=O
mol192,S(C1C=CC=CC=1)(=O)(=O)N(CC(=O)N/N=C/C1C=CC(=C(OCC)C=1)OCC1C=CC(=CC=1)Cl)C1C=CC=CC=1OC
mol193,N(=O)(=O)C1=CC=CC=C1C1=CC=C(C(=O)NC2=C(OC)C=C(C(OC)=C2)Cl)O1
mol194,S(=O)(=O)(C1C=CC(=CC=1)F)NC1=CC=C(C(F)=C1)F
mol195,S(C1C=CC=CC=1)(=O)(=O)N(C1C=CC(=CC=1)OCC)CC(=O)N/N=C(\C)/C1C=CC(=CC=1)I
mol196,C(=O)(C1C=CC=C(F)C=1)NC1=CC=C(C=C1)CCCC
mol197,S(C1=CC=CC=C1)(=O)(=O)N(C1=CC=CC(Cl)=C1)CC(=O)N/N=C(\C)/C1C=CC(=CC=1)I
mol198,S(C1=CC=CC=C1)(=O)(=O)N(CC(=O)N/N=C(\C)/C1C=CC(=CC=1)I)C1C=CC(=CC=1C)C
mol199,S(C1=CC=CC=C1)(=O)(=O)N(C1=CC=C(C(Cl)=C1)Cl)CC(=O)N/N=C(\C)/C1C=CC(=CC=1)I
mol200,C(=O)(C1C=CC=C(Cl)C=1)N1CCN(CC1)C1=CC=CC(Cl)=C1
mol201,C(OC1=CC=CC(=C1)C(=O)NC1=CC=C(C=C1)OCC)(=S)NC1=CC=C(C=C1)Br
mol202,N12C(=O)CSC1=NC(C)=C(C(=O)OC(C)C)C2C1C=CC(=CC=1)OC
mol203,C1(C2C=CC(=CC=2)C)(C2=CC=C(C=C2)C)CC1C(=O)NC1=CC=C(C=C1)Br
mol204,C1(=CC2C=CC=C(OC)C=2OC1=O)C1=CN2C(C(C)=CC=C2)=N1
mol205,S(C1=CC=CC=C1)(=O)(=O)N(C1=CC=C(C(Cl)=C1)Cl)CC(=O)N/N=C/C1C=CC(=C(OCC)C=1)OCC1=CC=C(C=C1)Cl
mol206,C(=S)(NC1C=CC=C(C)N=1)NC(=O)C1=CC=CC(OC)=C1
mol207,C1(C2C=CC(=CC=2)C)(C2=CC=C(C=C2)C)CC1C(=O)NC1=CC=CC(C)=C1
mol208,C12SC3=C(CCCC3)C=1C(NC(C1=CC(OC)=C(C(OC)=C1)O)=N2)=O
mol209,N1(C2C=CC(=CC=2)Br)C(=O)C2=C(C=C3C(C=CC=C3)=C2)C1=O
mol210,N(NC(CNC1=CC=C(C=C1)OC)=O)=C(C)C1=CC=CC=C1O
mol211,C(=O)(NC1C=CC(=C(C)C=1)C)C1=CC=CO1
mol212,N(=O)(=O)C1=CC=C(C=C1)C(=O)NC1C=CC(=CC=1)C(C)CC
mol213,C(=O)(N/N=C(\C)/CC(=O)NC1C=CC(=CC=1)OCC)C(NCCOC)=O
mol214,C1(C=CC(=CC=1Br)C)OC(COC1=CC=C(C=C1)Cl)=O
mol215,C(CC1=CC=C(C=C1)Br)(=O)NCC(CCCC)CC
mol216,C(CC1=CC=CC=C1)(=O)NCC1=CC=CO1
mol217,N12C3=CC=CC=C3N=C1SC(=CC1C=CC=CC=1OCCOC1C=C(CC)C=C(C)C=1)C2=O
mol218,C(=O)(NNC(=O)C1C=CC=C(I)C=1)C(F)(F)F
mol219,N1(C2C=CC(=CC=2)C(OC)=O)C(=O)C2=C(C=C3C(C=CC=C3)=C2)C1=O
mol220,C1(N2CCCC2)N=C(NN=CC2=CC=CC=C2O)C=C(N2CCCC2)N=1
mol221,C(OCC1=CC=C(C=C1)OC)(=O)N/N=C(\C)/CC(=O)NC1C=CC(=CC=1)C(C)C
mol222,C1(=C/C2=CC=C(C(OC)=C2)OCCOC2C=CC=CC=2)\C(=O)N(C)C(N(C)C\1=O)=O
mol223,C(=C/C1=CC=C(C=C1)N(=O)=O)(/C(=O)N/N=C/C1=CC=CC=C1O)\C(=O)N/N=C/C1=CC=CC=C1O
mol224,C1(NC(C)C2C=CC=CC=2O)=C(C)N(N(C2C=CC=CC=2)C1=O)C
mol225,N1(C2=CC=CC3C=CC=CC2=3)C(=O)C2=C(C=C3C(C=CC=C3)=C2)C1=O
mol226,C1(=CC=CC=C1O)C(=O)NN=C(C)C(CC)C(OCC)=O
mol227,N(=O)(=O)C1=CC=CC=C1C(=O)NC1C=CC=C(Cl)C=1C
mol228,C1(=CC(Cl)=CC(Cl)=C1)NC(CCC1C=CC=CC=1)=O
mol229,C1(CC(C)(C)CC(=O)C=1)NC1=C(N)C=CC(C(C2C=CC=CC=2)=O)=C1
mol230,N(=O)(=O)C1=CC=CC=C1C(=O)NC1=CC=C(C=C1)CCCC
mol231,C1(O)(CC(=O)C2=CC=C(C(OC)=C2)OC)C2C=CC=CC=2N(CCC2=CC=CC=C2)C1=O
mol232,C(=O)(N/N=C(\C)/CC(=O)NC1C=CC(=CC=1)Cl)C(NCCOC)=O
mol233,S(=O)(=O)(C1C=CC(=CC=1)F)NC1C=CC(=CC=1)OCC1C=CC=CC=1
mol234,N(=O)(=O)C1=CC=CC=C1C(=O)NC1=C(C)C=CC(Cl)=C1
mol235,C(=O)(C1CCC(CC1)C)NC(CCSC)C(=O)OCC(=O)C1C=CC(=CC=1)Cl
mol236,N(=O)(=O)C1=CC=CC=C1C(=O)NCC1=CC=CO1
mol237,C(OCC)(=O)C1C=CC(=CC=1)N=CC1C=CC(=CC=1)C=NC1=CC=C(C=C1)C(OCC)=O
mol238,N1(C2C=CC=C(Br)C=2)C(=O)C2=C(C=C3C(C=CC=C3)=C2)C1=O
mol239,N(=CC1C=CC(=C(OC)C=1)O)NC(CCCCCCCCC=C)=O
mol240,C(=C/C1=CC=C(C=C1)N(=O)=O)(/C(=O)N/N=C/C1=CC=CC(Br)=C1)\C(=O)N/N=C/C1=CC=CC(Br)=C1
mol241,C1(C(=CC=C(C=1)N(=O)=O)NN=CC1CC2CC1C=C2)N(=O)=O
mol242,N1(C2C=CC(=CC=2)OCC)C(=O)C2=C(C=C3C(C=CC=C3)=C2)C1=O
mol243,C1(=C(C)ON=C1C1=CC=CC=C1Cl)C(=O)N1CC(C)CC(C)C1
mol244,N1(C2C=CC=C(C)C=2)C(=O)C2=C(C=C3C(C=CC=C3)=C2)C1=O
mol245,N1C(SC)=C(Cl)C(=NC=1NC(C)=O)C
mol246,C(=C/C1=CC=C(C=C1)N(=O)=O)(/C(=O)N/N=C/C1=CC=C(C=C1)N(=O)=O)\C(=O)N/N=C/C1C=CC(=CC=1)N(=O)=O
mol247,C(=S)(NC1C=CC(=CC=1)C)NNC(NCC)=S
mol248,C(=O)(N/N=C(\C)/CC(=O)NC1C=CC=C(Br)C=1)C(NCCOC)=O
mol249,C12N(C)C(=O)N(C(=O)C=1N(C(N1CCCCC1)=N2)CC1=CC=CC2=CC=CC=C12)C
mol250,C(=O)(N/N=C(\C)/CC(=O)NC1C=CC=C(I)C=1)C(NCCOC)=O
mol251,C1(=CC=CC=C1Br)C(=O)NNC(=S)NC1C=CC=C(C)C=1C
mol252,N1(C2C=C(Cl)C=C(Cl)C=2)C(=O)C2=C(C=C3C(C=CC=C3)=C2)C1=O
mol253,C(=S)(NC1C=CC=CC=1)NC(C)C1=CC=CC=C1
mol254,C1(SCC(=O)N2CCN(CC2)C2=CC=CC=C2)SC2=C(C=CC(N)=C2)N=1
mol255,C(=O)(NN=CC1=CC=C2C(C=CC=C2)=C1)C(C1=CC=CC=C1)C1C=CC=CC=1
mol256,C(N(C)C)(=S)OC1=CC=CC(=C1)C(=O)NC1=CC=CC(Br)=C1
mol257,C1(C(=O)NC2C=CC=C(C=2)C(OCC)=O)=C(Cl)C2=C(C=CC=C2)S1
mol258,N1(C2C=CC=C(Cl)C=2)C(=O)C2=C(C=C3C(C=CC=C3)=C2)C1=O
mol259,C1(C=CC(=CC=1OC)OC)C(=O)NC1=CC=C(C=C1)C#N
mol260,C1(Cl)C(C)=CC=C(C=1)NC(CSCC1C=CC=CC=1Cl)=O
mol261,N1(C2C=CC=CC=2O)CC(CC1=O)C(O)=O
mol262,N(C(C1C=CC=CC=1)C1=CC=CC=C1)C(CC1=CC=C(C=C1)Br)=O
mol263,C(OC1=CC=CC(=C1)C(=O)NC1=CC=CC(Br)=C1)(=S)NC1=CC=C(C=C1)OC
mol264,N1(C2C=CC(=CC=2)Cl)C(=O)C(SC1=S)=CC1C=C(Br)C=CC=1OC
mol265,C(=O)(N/N=C(\C)/CC(=O)NC1=CC=C(C=C1)C(N)=O)C(NCCOC)=O
mol266,N(=O)(=O)C1C=CC(=CC=1)OCCOC1=CC=C(C=C1)C=NNC(=O)NC1=CC=CC=C1
mol267,C(=O)(C/C(/C)=N/NC(OCC1=CC=C(C=C1)OC)=O)NC1=C(OC)C=CC(OC)=C1
mol268,C1(=C(O)N=CN=C1O)C(C1=CC=C(C=C1)OC)C1=C(O)N=CN=C1O
mol269,C1(NC(=O)C2=CC=C(C=C2)C)N(C2=CC=CC=C2)N=CC=1C(=O)NC1C=CC(=CC=1)Br
mol270,C1(C2=C(C=CC=C2Cl)Cl)=NOC(C)=C1C(NCCC(C)C)=O
mol271,C(OCC1C=CC(=CC=1)OC)(=O)N/N=C(\C)/CC(=O)NC1C=CC=C(Cl)C=1
mol272,C1(/C2C=CC=CC=2N(C(C)(C)C/1=S)C(C(CC)CC)=O)=C1/SC(=C(C(OC)=O)S/1)C(OC)=O
mol273,S(=O)(=O)(N1CCOCC1)C1=C(OC)C=CC(OC)=C1
mol274,N1(CC2C=CC=CC=2)C2C=CC=CC=2C(C=NNC(=O)C2=CN=CC(Br)=C2)=C1
mol275,C(=O)(NC1=CC=CC=C1C)C(=O)NC(C)C1C=CC=CC=1
mol276,C1(=CC2C(=CC=CC=2)N1)C(=O)N/N=C(\C1C=CC=CC=1)/C1C=CC=CC=1
mol277,C(=O)(N/N=C(\C)/CC(=O)NCC1C=CC=CC=1)C(NCCOC)=O
mol278,C1(N=C(C)C=C(C)N=1)SC1C2=CC=CC=C2C(=NN=1)C1=CC=CC=C1
mol279,N1(C2C=CC(=CC=2)C)C(SCC(=O)NN=C(C)C2=CC=CC(=C2)N(=O)=O)=NN=C1C1C=CC=CC=1
mol280,S(C1=CC=CC=C1)(=O)(=O)N(C1C=CC(=CC=1)OC)CC(=O)N/N=C/C1C=CC(=CC=1)OCC1=CC=C(C=C1)N(=O)=O
mol281,C1(=NC2C=CC=CC=2)SC(C(=O)N1CCOCC)=CC1=CC=C(C(O)=C1)OC
mol282,C12N=CN(CC(=O)NN=CC3=CC=C(C=C3)C(OC)=O)C=1C(N(C)C(=O)N2C)=O
mol283,C(=O)(C/C(/C)=N/NC(COC1C=CC(=C(C)C=1)Br)=O)NC1C=CC=CC=1C
mol284,N1(CC=C)C(=O)C(SC1=S)=CC1=C(OCCOC2C=CC=CC=2OC)C=CC(=C1)N(=O)=O
mol285,C(=O)(C1=CC=CC(=C1)OC(=S)NC1C=CC(=CC=1)OCC)NC1C=CC=CC=1Cl
mol286,C(=O)(OC1C=CC(=CC=1)/C=N/C1=CC=C(C=C1)Cl)/C=C/C(=O)OC1=CC=C(C=C1)/C=N/C1C=CC(=CC=1)Cl
mol287,S(=O)(=O)(NCC1CCCO1)C1=C(C)C=CC(=C1)C1C2=CC=CC=C2C(=NN=1)NC1=CC=C(C=C1)F
mol288,C(CCC(NCCCN1CCOCC1)=O)(=O)NC1C=CC(=CC=1)Cl
mol289,N1(CC(OCC)=O)C(=O)CN(C2C=CC(=C(Cl)C=2)Cl)C1=O
mol290,C(=O)(C/C(/C)=N/NC(COC1C=CC(=C(C)C=1)Br)=O)NC1C=CC=C(Cl)C=1C
mol291,N1(CCN(CC1)CC1=CC=CC=C1)N=CC1=CC=C(C(OCC2=CC=CC=C2)=C1)OC
mol292,C(=O)(NC1C=CC=C(Cl)C=1)CC(=O)N/N=C\C1C=CC(=C(OC)C=1)OC
mol293,C1(NC2=CC=C(C=C2Cl)Cl)SC(C(=O)C=1C(OCC)=O)=CC1C=CC(=C(OCC)C=1)O
mol294,C1(SC2N=C(COC)C=C(O)N=2)C(=O)NC2=C(C=CC=C2)C=1C1C=CC=CC=1
mol295,C(=O)(C1=CC=CC(=C1)OC(=S)NC1=CC=C(C=C1)I)NC1C=CC=CC=1Cl
mol296,N(C1C=CC(=CC=1)CC1C=CC(=CC=1)N=CC1=CC=C(C(O)=C1)OC)=CC1C=CC(=C(O)C=1)OC
mol297,C(=O)(NC1C=CC=C(Cl)C=1)CC(=O)N/N=C\C1C=CC(=CC=1)Cl
mol298,C(=O)(NC1C=CC(=CC=1)N(C)C(C)=O)CC1C=CC=C2C=CC=CC=12
mol299,C1(C(=O)NC2=CC=CC(OC)=C2)=CC2C=C(Cl)C=CC=2OC1=NC1=CC=C(C=C1)OC
mol300,C(=O)(C1=CC=CC(=C1)OC(NCCC)=S)NC1C=CC=C2C=CC=CC=12
mol301,N1(CCC(C)C)C(=O)C2C(=CC=CC=2)C1NC1=CC=CC(=C1)C(F)(F)F
mol302,C(C#N)(=CC1=CC=C(SC2=CC=C(C=C2)Cl)O1)C(=O)NCC1CCCO1
mol303,C(=O)(NC1C=CC=C(C)C=1)C/C(/C)=N/NC(=O)C1C=CC(=CC=1)NC(C)=O
mol304,N1(CC)C(SCC(=O)NN=C(C)C2=CC=C(C(OC)=C2)OC)=NN=C1C1C=CC=CC=1
mol305,C1(=N/NC2=CC=C(C=C2)C(OCC)=O)/C(=O)NC(NC/1=O)=S
mol306,N(C(COC1C=CC=CC=1OC)=O)C1C=CC=CC=1C#N
mol307,C(=O)(NC1=CC=C(C=C1)C)C/C(/C)=N/NC(=O)C1C=CC(=CC=1)NC(C)=O
mol308,S(=O)(=O)(C1=CC=C(C=C1)Br)N1CCN(CC1)C1C=CC=C(C=1)C(F)(F)F
mol309,C(N(CC)CC)(=S)OC1C=CC=C(C=1)C(=O)NC1C=CC=C2C=CC=CC=12
mol310,C(=CC1=CC=C(C=C1)OC)(C(N)=O)NC(=O)C1=CC=CO1
mol311,N1(C2=CC=CC=C2)C(SCC(=O)NN=CC2C=CC(=CC=2)CC)=NN=C1C1=CC=C(C=C1)OC
mol312,C(=O)(C1=CC=CC(=C1)OC(NCCC)=S)NC1=CC=CC=C1Cl
mol313,S1C(N)=NN=C1CC(=O)NN=CC1=CC(OC)=C(C(Cl)=C1)OCCOC1=CC=C(C=C1)C(C)CC
mol314,C(=O)(NC1C=C(C)C=C(C)C=1)C/C(/C)=N/NC(=O)C1C=CC(=CC=1)NC(C)=O
mol315,C1(=O)NC2C=C(C)C(=CC=2C(=C)N1C1C=CC(=CC=1)OC)C
mol316,C(=O)(C1=CC=CC(=C1)OC(NCC(C)C)=S)NC1C=CC=C2C=CC=CC=12
mol317,S(=O)(=O)(C1=CC=C(C=C1)NC(=O)C1C=CC(=C(Br)C=1)OC)NC1=NC(C)=CC(C)=N1
mol318,C(=O)(CC1C=CC=CC=1)N(C)C
mol319,S(=O)(=O)(C1=CC=C(C=C1)F)NCC1=CC=CC=C1OC
mol320,C(=O)(C1=CC=CC(=C1)OC(=S)NC1C=CC(=CC=1)OC)NC1=CC=CC=C1Cl
mol321,C1(=NNC2=C(Br)C=C(C=C2Br)Br)C(C2C=CC=CC=2)=NN(C2C=CC=CC=2)C1=O
mol322,C(=O)(NC1C=CC=C(Cl)C=1)CC(=O)N/N=C\C1=CC=C(C=C1)C
mol323,C1(C(=O)OC2CCCC2)C(C2=CC=C(C=C2)Cl)C2C(=O)CC(CC=2NC=1C)C1C=CC(=C(OC)C=1)OC
mol324,C1(C2C=CC(=CC=2)Cl)(NC2C=CC=CC=2)C(=O)C2=C(C=CC=C2)C1=O
mol325,N(=O)(=O)C1C=CC=C(C=1)C(=O)OC1C=CC2C(=CC=CC=2)C=1/C=N/NC(=O)C1C=CC=C(Br)C=1
mol326,C1(NC(C2CCCCC2)=O)SC(=C(C)C=1C(OCC)=O)C(=O)NC1=CC=CC=C1F
mol327,C(COC1C=CC=C(C)C=1)(NCCNC(COC1C=CC=C(C)C=1)=O)=O
mol328,C(=O)(C1=CC=CC(=C1)OC(=S)NC1=CC=C2C(C=CC=C2)=C1)NC1=CC=CC=C1Cl
mol329,C1=C(C)CC(C(CNC2CCCCC2)C1C)C
mol330,C(/C(OCC)=O)(\C(OCC)=O)=C/NC1C=CC2=C(OCCO2)C=1
mol331,C(=O)(NC1C=CC(=CC=1)OCC1C=CC=CC=1)C1C=CC(=C(OC)C=1)OC
mol332,C(=O)(OC1C=CC=C(C=1)C=NNC(=O)C1=CC=C(C=C1)OC)C1=CC=CS1
mol333,C1(C(=O)CC(CC=1O)(C)C)C(C1=CC=C2C(C=CC=C2)=C1)C1C(=O)CC(CC1=O)(C)C
mol334,N1(C2=CC=C(C=C2)OCC)C(=O)CC(N(CCC2=CC=C(C(OC)=C2)OC)C(=O)C=CC(O)=O)C1=O
mol335,C1(=N/NC2=CC=CC=C2N(=O)=O)/C(=O)NC(NC/1=O)=O
mol336,C1(OC)C=C(CCNC(COC2=CC=C(C=C2)C2C=CC=CC=2)=O)C=CC=1OC
mol337,N12C3=CC=CC=C3N=C1SC(=CC1C=C(Cl)C=CC=1OCC1C=CC=CC=1C)C2=O
mol338,C(=O)(NC1C=CC(=CC=1)Br)C/C(/C)=N/NC(COC1C=CC(=C(C)C=1)Br)=O
mol339,C(=O)(NC1=CC=CC(Cl)=C1)CC(=O)N/N=C\C1=CC=C(C(OC)=C1)OCC1C=CC=CC=1
mol340,C(=O)(NC1C=CC(=CC=1)C(N)=O)C/C(/C)=N/NC(=O)C1=CC=C(C=C1)NC(C)=O
mol341,S(CC1C=CC=CC=1)(=O)(=O)NC1C=CC=CC=1C(C)C
mol342,C(N(CC)CC)(=S)OC1C=CC=C(C=1)C(=O)NC1C=CC(=CC=1)Br
mol343,C(=O)(NC1=CC=CC(Cl)=C1)CC(=O)N/N=C\C1=CC=C(C(OC)=C1)OCCC
mol344,C1(=CC=CC=C1NC(=O)NC1=CC=C(C(Cl)=C1)Cl)C(C1C=CC=CC=1)=O
mol345,C(OC1C=CC=C(C=1)C(=O)NC1C=CC(=CC=1)Br)(=S)NC1C=CC=C(C)C=1C
mol346,S(=O)(=O)(C1=CC=C(C=C1)NC(=O)C1=C(C)ON=C1C1C=CC=CC=1)N1CCC(CC1)C
mol347,N12N=C(SC1=NC(=O)C(=CC1C3=CC=CC=C3N(CCOC3C=CC=CC=3OC)C=1C)C2=N)CCC
mol348,C(=O)(NC1=CC=C(C=C1)C(OCC)=O)C/C(/C)=N/NC(COC1C=CC(=C(C)C=1)Br)=O
mol349,C(=O)(NC1=CC=CC(Cl)=C1)CC(=O)N/N=C\C1=CC=C(C(OC)=C1)OCC=C
mol350,C(=O)(N/N=C/C1=CC=C(C=C1)C)C1C=CC(=CC=1)COC1C=CC(=CC=1)C
mol351,N1C(=O)C(SC1=S)=CC1=CC=C(C(Cl)=C1)OCC1=CC=C(C=C1)Cl
mol352,N1(C2C=CC(=CC=2)Cl)C(=O)NC(C(=CC2C=C(OCC)C(=C(Cl)C=2)OCCOC2C=CC=CC=2)C1=O)=O
mol353,C(=O)(NC(C)CC)C/C(/C)=N/NC(COC1C=C(C)C(=CC=1Br)Br)=O
mol354,C(=O)(C1=CC=C(C=C1)C)OC1C=CC(=CC=1)/C=N/C1C=CC(=C(C)C=1)C
mol355,S(=O)(=O)(C1=CC=C(C=C1)OC)N1CCC(CC1)C(=O)NC1C(Cl)=CC=C(C=1)C(F)(F)F
mol356,N(=O)(=O)C1=CC=CC(=C1)/C=N\NC(=O)C1=CC=C(C=C1)COC1=CC=C(C=C1)C
mol357,N1(CC)C(SCC(=O)NC2=CC=C(C(C)=C2)Br)=NN=C1C1C=CC(=CC=1)OC
mol358,C(=O)(OC1=CC=C(C=C1)/C=N/NC(=O)C1C=CC=CC=1O)C1=CC=CC=C1OC(C)=O
mol359,N(=O)(=O)C1C=CC(=CC=1)/C=N/NC(=O)C1=CC=C(C=C1)COC1=CC=C(C=C1)C
mol360,C1(NC(=O)NC2C=CC=CC=2F)=NN=C(COC2C=CC=C(C)C=2)S1
mol361,C(=O)(NC(C)C)C/C(/C)=N/NC(COC1C=C(C)C(=CC=1Br)Br)=O
mol362,C1(NCC2C=C(OC)C(=C(OC)C=2)OC)N(CC=C)C2=C(C=CC=C2)N=1
mol363,C1(=C2C=CC=CC2=CC=C1OC(=O)C1C=CC(=CC=1)C)/C=N/C1=CC=C(C=C1)Br
mol364,C(=S)(NC1=CC=CC=C1F)N1CCN(CC1)C(OCC)=O
mol365,N1(C2C=CC=CC=2)CC(CC1=O)C(=O)NC1C=CC=C(C=1)C(F)(F)F
mol366,C(=O)(N/N=C/C1C=CC(=CC=1)Br)C1C=CC(=CC=1)COC1=CC=C(C=C1)C
mol367,S(=O)(=O)(C1=CC=C(C=C1)NC(=O)C1=CC=CC(C)=C1)N1CCCCC1CC
mol368,C(=O)(N/N=C/C1=CC=CC=C1O)C1=CC=C(C=C1)COC1=CC=C(C=C1)C
mol369,C1(C2CCCC=2SC=1NC(=O)C1C=CC(=CC=1)C)C(=O)NC1C=CC=CC=1OCC
mol370,C(=O)(N/N=C/C1C=CC(=CC=1)Cl)C1C=CC(=CC=1)COC1=CC=C(C=C1)C
mol371,S1(=O)(=O)C2=CC=CC=C2C(N(CCC(=O)NC2CCCCC2)N=CC2=CC=C(Br)O2)=N1
mol372,C(=O)(C/C(/C)=N/NC(COC1C=C(C)C(=CC=1Br)Br)=O)NC1=CC=CC2C=CC=CC1=2
mol373,N1(C2=CC=CC=C2)C(=O)C2=C(C=C(C=C2)C(=O)NC2C=CC=CC=2C(O)=O)C1=O
mol374,C(=O)(C1C=CC=C(C=1)OC(NCC1C=CC=CC=1)=S)NC1C=CC(=CC=1)OC
mol375,N1(C2C=CC(=CC=2)N(=O)=O)N=C(C(=NNC2C=CC(=CC=2)OCC)C1=O)C
mol376,C(=O)(NC1=CC=C(C=C1)NC(C)=O)C/C(/C)=N/NC(COC1C=C(C)C(=CC=1Br)Br)=O
mol377,C1(C2=C(C=CC=C2F)Cl)=NOC(C)=C1C(=O)NC1C=CC(=CC=1)C
mol378,C(=O)(N/N=C/C1=CC=C(C=C1Cl)Cl)C1=CC=C(C=C1)COC1=CC=C(C=C1)C
mol379,S1C(C(C)C)=NN=C1NC(=O)C1C=C(OC)C(=C(OC)C=1)OC
mol380,C(=O)(NC1=CC=C(C=C1)C(N)=O)C/C(/C)=N/NC(COC1C=C(C)C(=CC=1Br)Br)=O
mol381,C1(O)(CC(=O)C2=CC=C3C(C=CC=C3)=C2)C2C=CC=CC=2N(CCC2C=CC=CC=2)C1=O
mol382,C(=O)(N/N=C/C1=CC=C(C=C1)OC)C1=CC=C(C=C1)COC1=CC=C(C=C1)C
mol383,C1(/C(=O)CC(CC/1=O)(C)C)=N\NC1=CC=C(C=C1)N=NC1C=CC=CC=1
mol384,C12(OC(C3C(N(C4=CC=CC=C4C(F)(F)F)C(=O)C13)=O)C1C=CC(=CC=1)Br)C(=O)C1=C(C=CC=C1)C2=O
mol385,C(=O)(C1C=CC(=CC=1)OC)OC1C=CC(=CC=1)/C=N/C1=CC=C(C(C)=C1)C
mol386,C(COC1=CC=CC=C1)(=O)NNC(COC1=CC=CC=C1)=O
mol387,N1(/N=C/C2C3=CC=CC=C3C=CC=2OC(=O)C2C=CC(=CC=2)C)C(=O)C2=C(C=CC=C2)C1=O
mol388,S(=O)(=O)(N(C)C)NC1C=CC=CC=1
mol389,C(NCCC1C=CC=CC=1)(=S)N1CCC(CC1)CC1C=CC=CC=1
mol390,C(=O)(OC1=CC=C(C=C1)/C=N/NC(C1=CC=CC=C1)=O)CC1C=CC=C2C=CC=CC=12
mol391,C(=O)(C1=CC=CC=C1OC)NC(=S)NC1C=CC(=CC=1)CN1CCOCC1
mol392,C(=O)(NC1=CC=C(C=C1)I)C/C(/C)=N/NC(COC1=CC(C)=C(C=C1Br)Br)=O
mol393,N1(C2C=CC(=CC=2)OC)CC2C(=CC(=CC=2)C(=O)N/N=C/C2=CC=CC(Br)=C2)C1
mol394,C(N)(=O)NN=CC(CC)=CC1C=CC=CC=1
mol395,C(=O)(C/C(/C)=N/NC(COC1=CC(C)=C(C=C1Br)Br)=O)NC1=CC=CC=C1Br
mol396,S(=O)(=O)(C1C=CC(=CC=1)C)N(CC(=O)NC1=CC=C(C(C)=C1)C)C1=CC=CC=C1OC
mol397,S(=O)(=O)(OC1C=CC(=CC=1)/C=N/NC(=O)C1C(O)=CC2C(=CC=CC=2)C=1)C1C=CC=C(C=1)N(=O)=O
mol398,C(=O)(COC1C=CC(=CC=1OC)C(CC)=O)N1CCCC1
mol399,C(C1=CC=CC=C1)(=O)N/N=C/C1=CC=CC=C1OCCCCC
mol400,N(=O)(=O)C1C=C(C=CC=1Cl)C=NNC(=S)NC1C=CC=C(C)C=1
mol401,C(C1=CC=CC=C1)(=O)OC1=CC=C(C=C1)/C=N/C1=CC=C(C=C1C)C
mol402,S(=O)(=O)(NCC1CCCO1)C1=C(C)C=CC(=C1)C1C2=CC=CC=C2C(=NN=1)NC1=CC=C(C=C1)OCC(NC)=O
mol403,N(=O)(=O)C1=CC=CC(=C1)/C=N/NC(CCCC1=CC=C(C=C1OC)C)=O
mol404,C1(C2CCCCC=2SC=1NC(=O)C1=CC=CS1)C(=O)NC1=CC=CC(Cl)=C1
mol405,C1(Cl)=C(C=CC=C1NC(=O)C/C(/C)=N/NC(COC1=CC(C)=C(C=C1Br)Br)=O)Cl
mol406,C(NN=CC1C=C(Cl)C=CC=1OCCOC1=CC(CC)=CC(C)=C1)(NCC1=CC=CC=C1)=S
mol407,C1(C2C=CC=CC=2C=CC=1OC(=O)C1=CC=C(C=C1)C)/C=N/C1=CC=C(C=C1)NC(C)=O
mol408,N1(C2C=CC=C(OC)C=2)C(=O)C(CC1=O)NNC(=O)C1C=CC=CC=1OC
mol409,C(=O)(NC1=CC=C(C=C1)Cl)C/C(/C)=N/NC(COC1=CC(C)=C(C=C1Br)Br)=O
mol410,N1(CCC2C=CC=CC1=2)C(=O)C=CC1C=CC=CC=1Cl
mol411,C(=O)(OCC(=O)C1C=CC(=CC=1)C1C=CC=CC=1)C1C=CC(=C(I)C=1)OC
mol412,C(=O)(NC1C=CC(=CC=1)F)C/C(/C)=N/NC(COC1=CC(C)=C(C=C1Br)Br)=O
mol413,C1(C=NNC(COC2=CC=CC=C2C)=O)C=C(C=CC=1O)N=NC1=CC=CC=C1
mol414,C(=O)(C/C(/C)=N/NC(COC1=CC(C)=C(C=C1Br)Br)=O)NC1=C(OC)C=CC(OC)=C1
mol415,C1(Br)C(=CC=C2C=CC=CC=12)OCC(=O)NN=C(C)CC
mol416,C(=O)(C/C(/C)=N/NC(COC1=CC(C)=C(C=C1Br)Br)=O)NC1C=CC=CC=1F
mol417,O1C(SCC(=O)NC2=C(C)C=C(C=C2C)I)=NN=C1C1C=CC(=CC=1)C
mol418,N(=O)(=O)C1=CC=CC=C1NC(=O)C1=CC=C(C=C1)OC(=O)C1=CC=C(C=C1)C(=O)OC1=CC=C(C=C1)C(=O)NC1C=CC=CC=1N(=O)=O
mol419,N1(C)C(SCC(=O)NC2=CC=C(C=C2)I)=NN=C1C1=CC=C(C=C1)OC
mol420,C(=O)(C/C(/C)=N/NC(COC1=CC(C)=C(C=C1Br)Br)=O)NC1C=CC(=CC=1OC)OC
mol421,S(C)(=O)(=O)N(C1=CC=CC=C1)CC1=CC=C(C=C1)C(=O)NC1C=CC=CC=1OC
mol422,C(=O)(N/N=C/C1=CC=CC=C1OCCCCCCC)C1C=CC(=CC=1)Cl
mol423,N(=O)(=O)C1C=CC(=C(C=NNC2C=CC(=CC=2)N(=O)=O)C=1)O
mol424,C1(C2C=CC=CC=2C=CC=1OC(=O)C1=CC=CC2C=CC=CC1=2)/C=N/C1=CC=CC=C1C
mol425,N(=O)(=O)C1=CC(=CC=C1Cl)C=NC1C=CC(=CC=1Cl)Cl
mol426,C(=O)(NC1C=CC(=CC=1)OC)C/C(/C)=N/NC(COC1=CC(C)=C(C=C1Br)Br)=O
mol427,N1C2C=C(Cl)C=C(Cl)C=2OC=1C1C=CC(=C(C=1)NC(=O)C1=CC=CC=C1N(=O)=O)C
mol428,C1(C2C=CC=CC=2C=CC=1OC(=O)C1=CC=CC2C=CC=CC1=2)/C=N/C1C=CC(=CC=1)C
mol429,N1(C2=CC=CC=C2)C(=O)C(SC1=S)=CC1=CC=CC(=C1)C=C1SC(N(C2C=CC=CC=2)C1=O)=S
mol430,C(=O)(OC1=CC=C(C=C1)/C=N/NC(=O)C1=CC=C(C=C1)C)CC1=CC=CC2C=CC=CC1=2
mol431,C1(COC2=C(C=C(C=C2)C(C)(C)C)O1)C(=O)NN=CC1C2C=CC=CC=2NC=1
mol432,N(=O)(=O)C1=CC=CC=C1N/C=C/C(=O)C1C=CC(=CC=1)OC
mol433,C1(C(NCCCCCCCCCCCC)=O)=C(O)C2C=CC=CC=2N(CC=C)C1=O
mol434,C1(O)=C(C=CC=C1/C=N/NC(CCC1C=CC=CC=1)=O)O
mol435,N1(CCC2C=CC=CC1=2)C(=O)COC1C=CC=C(C)C=1
mol436,C(=O)(C/C(/C)=N/NC(COC1=CC(C)=C(C=C1Br)Br)=O)NC1C=CC=CC=1CC
mol437,C1(C(OCCC2=CC=CC=C2)=O)C(C2=CC=C(C=C2)N(CC)CC)C2C(=O)CC(CC=2NC=1C)C1=CC=C(C=C1)OC
mol438,C1(C2C=CC=CC=2C=CC=1OC(=O)C1=CC=C(C=C1)C)/C=N/C1C=CC(=C(C)C=1)C
mol439,C(=O)(C1CCN(CC1)CC1=CC=C(C=C1OC)OC)N1CCC(CC1)C
mol440,S(=O)(=O)(C1C=CC(=CC=1)NC(C)=O)N1C(C)(C)C=C(C2C=C(C)C=CC1=2)C
mol441,C1(C2C=CC(=CC=2)OCCCCCC)N=CC(=CN=1)CCCCC
mol442,S1C(SCC2C=CC(=CC=2)OC)=NN=C1SCC(=O)NC1C=CC(=C(Cl)C=1)Cl
mol443,N(=O)(=O)C1=CC=CC(=C1)/C=N/NC(CCC1=CC=CC=C1)=O
mol444,N1(C(C2C=CC=CC=2)C2C=CC=CC=2)C(=O)CC(SC1=NC1C=CC(=CC=1)Cl)C(=O)NC1=CC=CC=C1
mol445,C(OC1C=CC=C(C=1)C(=O)NC1=CC=C(C(C)=C1)C)(=S)NC1C=CC(=CC=1)I
mol446,C(=O)(NC(=CC1=CC=C(C=C1)N(CC)CC)C(NN)=O)C1=CC=CC=C1Cl
mol447,C(F)(F)(F)C1C=CC=CC=1NC(=O)CC(C)=O
mol448,C1(=NNC2C=CC(=C(Br)C=2)C)C(C2C=CC(=CC=2)N(=O)=O)=NN(C2=CC=CC=C2)C1=O
mol449,C(=C/C1=CC=C(C=C1)N(=O)=O)(\C(=O)N/N=C\C1C=CC(=CC=1)OC(=O)C1=CC=C(C=C1)OC)/C(=O)N/N=C/C1=CC=C(C=C1)OC(=O)C1=CC=C(C=C1)OC
mol450,S(=O)(=O)(C1=CC=C(C=C1)C)N(C1CCCCC1)CC(=O)NN=CC1C=C(OC)C=CC=1OC
mol451,C(=O)(NNC(=O)C=CC(O)=O)C1=CC=CS1
mol452,N(=O)(=O)C1=CC=C(C=C1)C=NNC(=O)C1C=NC=CN=1
mol453,C(OC1C=CC=C(C=1)C(=O)NC1=CC=C(C(C)=C1)C)(=S)NC1=CC=CC=C1C
mol454,C1(=O)NC2C=CC(=CC=2C(=C)N1C1C=CC(=CC=1)Cl)OC
mol455,C(=O)(NC1=CC=C(C=C1)C)C/C(/C)=N/NC(COC1=CC(C)=C(C=C1Br)Br)=O
mol456,C(=O)(C1CCN(CC1)CC1CCC=CC1)N(CCN(C)C)CC1C=CC=CC=1
mol457,C1(C2C=CC=CC=2C=CC=1OC(=O)C1=CC=CC2C=CC=CC1=2)/C=N/C1C=CC(=C(C)C=1)C
mol458,N1(C2C=CC=CC=2)C(=O)C(CC1=O)SC(N(CC)CC)=S
mol459,N1(C2=CC=C(C=C2)Br)CC(CC1=O)C(=O)NN=CC1C(=CC=CC=1Cl)F
mol460,C(=O)(C/C(/C)=N\NC(COC1C=C(C)C(=CC=1Br)Br)=O)NC1C(C)=CC=C(Cl)C=1
mol461,C1(=CC=C(C=C1N(=O)=O)Cl)C(=O)NC1=CC=CC(Cl)=C1C
mol462,C(=O)(C/C(/C)=N\NC(COC1C=C(C)C(=CC=1Br)Br)=O)NC1=CC=C(C=C1C)Cl
mol463,S(C)(=O)(=O)N(C1=CC=CC=C1)C(C)C(=O)N1CCN(CC1)C1C=CC=CC=1F
mol464,C1(=C2C=CC=CC2=CC=C1OC(=O)C1C=CC(=CC=1)Br)/C=N/C1C=CC=CC=1C
mol465,C1(C=C(C)C=CC=1C(C)C)OCC(=O)NN=CC=NNC(COC1=CC(C)=CC=C1C(C)C)=O
mol466,C(=O)(OC1=CC=C(C=C1)/C=N/NC1C=CC=CC=1)CC1C=CC=C2C=CC=CC=12
mol467,C(=O)(NC1=CC(=CC=C1C(OC)=O)C(OC)=O)C1C=CC=CC=1I
mol468,C(=O)(NC1C=CC=CC=1)C/C(/C)=N\NC(COC1C=C(C)C(=CC=1Br)Br)=O
mol469,C12OC3=C(C=CC(OC)=C3)C1=C(C(N)=C(C#N)C=2C1=CC=CC=C1F)C#N
mol470,C(=O)(NC1=CC=C(C(Cl)=C1)Cl)CC(=O)N/N=C/C1C=CC(=C(OC)C=1)OCC1C=CC(=CC=1)Br
mol471,C(C(=O)C1C=CC(=CC=1)Br)=CN1CCCCC1
mol472,C1(=C2C=CC=CC2=CC=C1OC(=O)C1C=CC(=CC=1)Br)/C=N/C1C=CC(=C(C)C=1)C
mol473,N1=C(C2C=CC(=CC=2)OCC)ON=C1C1=CC=C(C=C1)C
mol474,S(=O)(=O)(C1=CC=C(C=C1)C)N(CC(=O)NC1=CC=CN=C1)C1=CC=CC=C1OC
mol475,C(=O)(NC1C=CC(=C(Cl)C=1)Cl)CC(=O)N/N=C/C1C=CC=C2C=CC=CC=12
mol476,C1(C=NC2C=CC(=CC=2)CC2=CC=C(C=C2)N=CC2SC=CC=2C)SC=CC=1C
mol477,C(=O)(NC(=S)NC1C=CC=CC=1OC)C1=CC(I)=CC=C1Cl
mol478,C1(OC)=C(OC)C=C(C=C1OC)/C=N/NC(=O)CC(=O)NC1C=CC(=C(Cl)C=1)Cl
mol479,C(/NC1=CC=C(C=C1)CC)(\NC1=NC(C)=CC(C)=N1)=N\C(=O)NC1C=CC(=C(Cl)C=1)Cl
mol480,C(=O)(NC1C=CC(=C(Cl)C=1)Cl)CC(=O)N/N=C/C1=CC=CC=C1Cl
mol481,S(=O)(=O)(C1=CC=C(C=C1)F)NC(C)CCC1=CC=CC=C1
mol482,C(=O)(NC1C=CC(=C(Cl)C=1)Cl)CC(=O)N/N=C/C1C=CC(=CC=1)OCC
mol483,N1(CCN(CC1)C1C=CC=C(Cl)C=1)C(=O)CSC1=CC=CC=C1
mol484,C1(O)C(=CC=CC=1C=NC1C=CC=C(C)C=1)O
mol485,C(=O)(N1CCN(CC1)C(OCC)=O)C(=O)NN=CC1=CC=CC=C1F
mol486,C12C(=O)CC(CC=1N(C1CC(C)(C)CC(=O)C=1C2C1=CC(Cl)=CC=C1OCC1C=CC(=CC=1Cl)Cl)CC(O)=O)(C)C
mol487,C1=C(Br)C(C)=CC(OCC(=O)N/N=C(\C)/CC(NCCC2C=CC=CC=2)=O)=C1Br
mol488,C(=O)(NC1C=CC(=C(Cl)C=1)Cl)CC(=O)N/N=C/C1=CC=C(C(OC)=C1)OCCC
mol489,C(=O)(NC1=CC=C(C(Cl)=C1)Cl)CC(=O)N/N=C/C1C=CC(=C(OCC)C=1)OCC=C
mol490,N12N=C(SC1=NC(=O)C(=CC1C3=CC=CC=C3N(CCOC3=CC(C)=CC=C3C)C=1C)C2=N)CC
mol491,C(=S)(NC1=CC=C(C=C1)Cl)N1CCN(CC1)CC
mol492,C1(=NNC(=O)C2=CC(=NN2)C)C2C=C(Br)C=CC=2N(C)C1=O
mol493,C(=O)(NC1=CC=C(C(Cl)=C1)Cl)CC(=O)N/N=C/C1C=CC(=C(OCC)C=1)OCC1=CC=CC=C1
mol494,C1(C=COC=1C)C(=O)NN=CC1=CC=CC(=C1)OCC1=CC=CC=C1
mol495,C(=O)(NC1=CC=C(C(Cl)=C1)Cl)CC(=O)N/N=C/C1=CC=C(C=C1)O
mol496,N(=O)(=O)C1=CC(=CC=C1C1CC1)C(C1=CC=CC=C1)=O
mol497,N1(C=C(N=C1C)C)C(=O)C=CC1C=CC(=C(OC)C=1)OC
mol498,N(=O)(=O)C1C=CC(=CC=1C)C(=O)NC1=CC=C(C=C1)C(N)=O
mol499,N(=O)(=O)C1C=CC(=C(Cl)C=1)C(=O)NC1C(CC)=CC=CC=1C
mol500,C(=S)(OC1C=CC=C(C=1)C(=O)NC1C=CC(=CC=1)C)N1CCCCC1
mol501,C1(=NN=C(CC2C=CC(=CC=2)Cl)S1)NC(=O)C1C2C=CC=CC=2OC2C=CC=CC1=2
mol502,C(/C#N)(\C#N)=C/C1C=CC=CC=1OCCOC1C=CC(=C(C)C=1)C
mol503,C(=O)(NC1C=CC(=C(Cl)C=1)Cl)CC(=O)N/N=C/C1=CC=C(C=C1)Cl
mol504,C1(C(=O)NN=CC2=CC=C(C=C2O)N(CC)CC)C2CCCC1C2C1C=CC=CC=1
mol505,C1(=NC2C=CC=C(C=2)C(O)=O)SC(C(=O)N1C)=CC1C=CC=CC=1OCC(O)=O
mol506,C(=O)(NC1C=CC(=C(Cl)C=1)Cl)CC(=O)N/N=C/C1C=CC(=C(OC)C=1)OC
mol507,C(=CC1=CC=C(C=C1)N(C)C)(NC(C1C=CC=CC=1)=O)C(=O)NN=CC1=CC=C(C=C1)OCC1=CC=CC=C1
mol508,N(=O)(=O)C1C(OC)=CC=C(/C(/C)=N/NC(=O)C2C=CC=C(Br)C=2)C=1
mol509,S(N)(=O)(=O)C1=CC=C(C=C1)CCNC(=O)C(C)OC1C=CC=CC=1
mol510,C(=O)(N/N=C/C1=CC=C(C=C1)C(O)=O)C(=O)NC1=CC=C(C=C1)OCC
mol511,N(=O)(=O)C1C=CC=C(C=1)C(=O)N1CCN(CC1)C1C=CC(=CC=1)F
mol512,C(=O)(N(C)C1C=CC=CC=1)C/C(/C)=N/NC(COC1C=CC=CC=1C)=O
mol513,C(=O)(C1=CC=C(C=C1)Br)NC1C=CC(=CC=1)OC1C=CC(=CC=1)C(C)(C)C1=CC=C(C=C1)OC1=CC=C(C=C1)NC(=O)C1C=CC(=CC=1)Br
mol514,C1(OC2=C(C=CC=C2)N=1)N/C(/N)=N/C(=O)C1=C(Cl)C=CC(=C1)N(=O)=O
mol515,C1(C=CC=CC=1OC)C(=O)N/N=C/C1=CC=C(C=C1)C#N
mol516,C(=O)(NN=CC1=CC=C(C=C1)OCC1=CC=CC=C1)C1C=CC=C(Cl)C=1
mol517,C1(C=O)C=C(Br)C=C(OC)C=1O
mol518,C12N(C)C3=C(C=CC=C3)C1=NN(C1C=CC(=CC=1)Cl)C(=O)C=2
mol519,C(=O)(N/N=C/C1=CC=C(C=C1)C#N)C1=CC=CC(Br)=C1
mol520,N12C(C3=CC=CC=C3)=CSC1=NC(=O)C(=CC1=CC=C(C(OC)=C1)OCC1=CC=CC=C1C)C2=N
mol521,S(=O)(=O)(C1=CC=C(C=C1)F)N1CCCCC1C
mol522,S(=O)(=O)(C1C=CC(=CC=1)Br)NC1C=CC(=CC=1)C#N
mol523,C(CSCC1C=CC=CC=1Cl)(=O)N/N=C/C1=CC=CC=C1
mol524,C1(O)(C(C)C(C2=CC=CC=C2)=O)C2C=CC=CC=2N(CC)C1=O
mol525,C1(Cl)=C(C=CC(Cl)=C1)OCC(=O)NCC(OC)=O
mol526,N1(CC)C(=O)C(SC1=S)=CC(C)=CC1C=CC=CC=1
mol527,C(CSCC1=CC=CC=C1Cl)(=O)N/N=C/C1=CC=C(C=C1)F
mol528,C1(=CC=C(C(=O)NC2=CC=C(C=C2)C)O1)C1C=CC(=CC=1Cl)Cl
mol529,C(CSCC1C=CC=CC=1Cl)(=O)N/N=C/C1C=CC=C(Br)C=1
mol530,S(=O)(=O)(NC1=CC=C(C=C1OC)OC)C1=C(Cl)C=CC(Cl)=C1
mol531,N(=O)(=O)C1C=CC(=C(NC(COC2C=CC=C(C)C=2)=O)C=1)C
mol532,C(CSCC1=CC=CC=C1Cl)(=O)N/N=C/C1=CC=C(C(OC)=C1)OCC=C
mol533,N(C1=CC=C(C=C1)NC1C=CC=CC=1)=CC1C=CC(=CC=1)O
mol534,C(=O)(N1CCN(CC1)C)C1=C(C=CC=C1Cl)Cl
mol535,N(/NC(=O)CC1C=CC=C2C=CC=CC=12)=C(/C)\C1=CC=C2C(C=CC=C2)=C1
mol536,C(C(C)=NO)=CC1=CC=C(C=C1)OCC1C=CC=CC=1
mol537,C1(C(C)=CC=CC=1C)OCC(=O)N/N=C/C1=CC=C(C=C1)/C=N/NC(COC1=C(C)C=CC=C1C)=O
mol538,N(C(=O)C1=CC=CC(C)=C1)C(=S)NC1C=CC(=CC=1)C(OC)=O
mol539,N(=O)(=O)C1C=CC=C(C=1C)C(=O)NC1C=CC(=C(Cl)C=1)F
mol540,N(=O)(=O)C1=CC=CC(/C=N/NC(=O)CC2C=CC=C3C=CC=CC=23)=C1O
mol541,C12SC3=C(CCCC3)C=1C(NC(C1=CC=C(C=C1)OCCOC1=CC=C(C(C)=C1)C)=N2)=O
mol542,C(COC1=CC=C(C(C)=C1)C)(=O)N/N=C/C1=CC=C(C=C1)/C=N/NC(COC1=CC=C(C(C)=C1)C)=O
mol543,N1(CC(=O)NC2=CC(OC)=C(C=C2C(O)=O)OC)C(=O)C2=C(C=CC=C2)C1=O
mol544,C1(C=CC=C2C=CC=CC=12)CC(=O)N/N=C/C1C=CC(=C(OC)C=1)OC
mol545,S(=O)(=O)(C1=CC=C(C=C1)Cl)N1CCN(CC1)C1C=CC=C(Cl)C=1
mol546,C1(=C(C)C=CC=C1C)OCC(=O)N/N=C/C1C=CC(=CC=1)C(O)=O
mol547,C1(SCC(=O)NN=CC2=CC=C(Br)S2)=NC2=C(C=CC=C2)N1CC1=CC=C(C=C1)Cl
mol548,C1(C=CC=C2C=CC=CC=12)CC(=O)N/N=C/C1C=CC(=C(I)C=1)O
mol549,N(=O)(=O)C1=CC=C(C=C1)C(C#N)=CC1=CC=C(C2C=CC=CC=2)O1
mol550,C12N(C)C(=O)N(C(=O)C=1N(C(NCC1C=CC=CC=1)=N2)C)C
mol551,C(=O)(OC1=CC=C(C=C1/C=N/NC(COC1=CC=C(C=C1)C(C)(C)CC(C)(C)C)=O)Br)C1=CC=CO1
mol552,S(=O)(=O)(C1C=CC(=CC=1)NC(=S)NC(C1CCCCC1)=O)N1CCC(CC1)C
mol553,C1(C2=CC=C(C=C2)Br)=CC=C(/C=N/NC(COC2=CC=C(C(C)=C2)C)=O)O1
mol554,C1(C=CC=CC=1NC(=O)C1=CC=C(C=C1)C1C=CC=CC=1)C(O)=O
mol555,C1(C(/C=N/NC(C2=CC=NC=C2)=O)=CC=C(OC(C)=O)C=1OC)N(=O)=O
mol556,C(COC1=CC=C(C(C)=C1)C)(=O)N/N=C/C1=CC=C(C=C1)N(CC)CC
mol557,C1(C=NC=C(Br)C=1)C(=O)N/N=C/C1C=CC(=C(OC)C=1)OC(C)=O
mol558,N12C(=O)C(SC1=NC1C3=C(C=CC=C3)CCC=1C2C1=CC=CS1)=CC1=CC=C(C2C=CC=C(C=2)C(O)=O)O1
mol559,C(=O)(OC1=CC=CC(=C1)/C=N/NC(COC1=CC=C(C=C1)C(C)(C)CC(C)(C)C)=O)C1=CC=CO1
mol560,N1(C2=CC=C(C=C2)Cl)C(SCC(=O)NN=CC2=C(C=CC=C2Cl)F)=NN=C1C1C=CC(=CC=1)Cl
mol561,C1(=N/NC(COC2=CC=C(C(C)=C2)C)=O)\C(=O)NC2C=CC(=CC\1=2)N(=O)=O
mol562,C1(/C=N/NC(=O)CC2C=CC=C3C=CC=CC=23)C2C=CC=CC=2N(C)C=1
mol563,S1C(C2C=CC3=C(OCO3)C=2)=NN=C1NC(=O)NC1C=CC(=C(C)C=1)C
mol564,C1(=CC=C(C=C1N(=O)=O)Cl)C(=O)N(CC#N)CC#N
mol565,N(=O)(=O)C1C=C(C=CC=1Cl)/C=N/NC(COC1=CC=C(C=C1)C(C)(C)CC(C)(C)C)=O
mol566,C1(OC)C(OC)=CC(=CC=1OC)/C=N/NC(=O)CC1C=CC=C2C=CC=CC=12
mol567,N1C(=O)C(SC1=S)=CC1=CC=CC=C1OCCOC1C=CC=CC=1OC
mol568,N(=O)(=O)C1=CC=C(C(Br)=C1)OCC(=O)N/N=C/C1C=C(Br)C=C(Br)C=1OC(=O)C1=CC=CO1
mol569,N1(C2=CC=CC=C2)C(SCC(=O)NN=CC2=CC=C(C(OC)=C2OC)OC)=NN=C1C1C=CC=CC=1
mol570,C1(=N/NC(COC2=C(C)C=CC=C2C)=O)/C2C=C(Br)C=CC=2NC/1=O
mol571,C(=O)(NC1=CC=C(C=C1)Cl)NC1=CC(C)=CC=C1C
mol572,C1(C(Br)=CC(=CC=1/C=N/NC(COC1=CC=C(C=C1)C(C)(C)CC(C)(C)C)=O)Br)OC(=O)C1=CC=CO1
mol573,C(NN=CC1C=C(C)C=CC=1OCCOC1=CC=C(C=C1)OC)(=S)NC1C=CC(=CC=1)C
mol574,C1(=CC2C=C(N(C3C=CC4C(=CC=CC=4)C=3)C=2C)C)C(=O)NC(N(C)C1=O)=O
mol575,C(=CC1=CC=C(C=C1)OC(C)C)(NC(C1C=CC=CC=1)=O)C(=O)N1CCCCC1
mol576,C1(=CC(O)=CC=C1O)/C(/C)=N/NC(COC1=C(C)C=CC=C1C)=O
mol577,N(C1C=CC=CC=1Cl)C(CCC(=O)N/N=C1/CCCC/1)=O
mol578,N(C1=CC(C)=CC=N1)C(CC1=CC=C(C=C1)Cl)=O
mol579,N(/NC(=O)CC1C=CC=C2C=CC=CC=12)=C(/C)\C1=CC=C2C(OCCO2)=C1
mol580,N1(N=C(CC1(O)C(F)(F)F)CCCCC)C(=O)C1C=CC=CC=1Cl
mol581,C1(=N/NC(=O)CC2C=CC=C3C=CC=CC=23)/C(=O)NC2C=CC(=CC/1=2)N(=O)=O
mol582,C(=O)(C1C=CC=CC=1C)NC1C=CC(=CC=1)C(=O)NNC(COC1C=CC(=CC=1Br)C)=O
mol583,C12N=CN(CC(=O)NC3C=CC(=CC=3)S(=O)(=O)NC(C)=O)C=1C(N(C)C(=O)N2C)=O
mol584,C1(Br)OC(=CC=1Br)/C=N/NC(COC1=C(C)C=CC=C1C)=O
mol585,S(=O)(=O)(N(CC)CC)C1=CC=C(C=C1)NC(=S)NC(COC1C=CC=CC=1)=O
mol586,C1(=CC=C(/C=N/NC(COC2=CC=C(C(C)=C2)C)=O)O1)C1=CC(Cl)=CC=C1Cl
mol587,N1(C2CCCCC2)C(SCC(=O)NN=CC2=CC=CC=C2C(O)=O)=NN=C1C1=CC=C(C=C1)Cl
mol588,C1(=N/NC(COC2C(C)=CC=CC=2C)=O)\C(=O)NC2C(=CC(Br)=CC\1=2)Br
mol589,C12N(C)C(=O)NC(=O)C=1N(C(SCCCCCCCC)=N2)C(C)C
mol590,C12C=C(C=CC=1C(C)=CC(=O)O2)OCC(=O)NCC(O)=O
mol591,N(=O)(=O)C1=CC=C(C(Br)=C1)OCC(=O)N/N=C/C1=CC=C(C(OC)=C1)OC(C)=O
mol592,C1(C(=O)NNC(=O)C2=CC=CC=C2Cl)=C(O)C2C=CC=CC=2N(CCC)C1=O
mol593,C1(/C=N/NC(COC2=CC=C(C(C)=C2)C)=O)C=C(Cl)C=CC=1O
mol594,S(C)(=O)(=O)N(C1C=CC=CC=1)CC1C=CC(=CC=1)C(=O)NC1=CC=CC=C1C(=O)NC(C)CC
mol595,N1(C2=CC=CC=C2)C(SCC(=O)NN=CC=CC2=CC=CC=C2N(=O)=O)=NN=C1C1=CC=C(C=C1)C(C)(C)C
mol596,C1(C=CC=C2C=CC=CC=12)CC(=O)N/N=C/C1=CC=C(C=C1)O
mol597,C(=O)(C(=O)NCC1CCCO1)NC1=CC=CC=C1OCC
mol598,C1(/C=N/NC(=O)CC2C=CC=C3C=CC=CC=23)C(OCC)=CC=C2C=CC=CC=12
mol599,N1(C2=CC=C(C=C2)C)C(SCC(=O)NN=CC2=CC=CC(=C2)OC2=CC=CC=C2)=NN=C1C1C=CC(=CC=1)C
mol600,C(COC1=CC=C(C(C)=C1)C)(=O)N/N=C/C1C=CC(=C(OC)C=1)O
mol601,S(=O)(=O)(N(C)C)NC1C=CC=C(C=1)N(=O)=O
mol602,C1(OC2=C(C=C(C=C2)NC(CCCCC)=O)N=1)C1=CC=C(C=C1Cl)Cl
mol603,N(=O)(=O)C1C(OC)=CC=C(/C(/C)=N/NC(=O)CC2C=CC=C3C=CC=CC=23)C=1
mol604,N1(C2=CC=C(C=C2)Br)C(C)=NC2=C(C=CC=C2)C1=O
mol605,C(=O)(C1=CC=CC(Br)=C1)NC1C=CC(=CC=1)N=CC1C=C(Cl)C=CC=1O
mol606,C1(Br)=C(O)C(/C=N/NC(CNC(=O)C2=CC=CC(F)=C2)=O)=CC(Br)=C1O
mol607,N1(CCOCC1)CCNC(CC1=CC=C(C=C1)Cl)=O
mol608,C1(=O)NC2C=C(C)C(=CC=2C(=C)N1C1C=CC(=CC=1)C)C
mol609,C1(Br)=C(O)C(/C=N/NC(CNC(=O)C2=CC=CO2)=O)=CC(Br)=C1O
mol610,C(=O)(NCC(C)O)C(NCCC1=CC=CC=C1)=O
mol611,N(=O)(=O)C1C=CC(=C(/C=N/NC(CNC(=O)C2=CC=CC(F)=C2)=O)C=1)OC
mol612,C(=O)(C1=CC=CC=C1I)NC(=S)NC1=CC=CC=N1
mol613,C1(Br)=C(O)C(/C=N/NC(CNC(=O)C2=CC=C(C=C2)Cl)=O)=C(C(Br)=C1O)C
mol614,N1(CC#C)C(=O)C(SC1=O)=CC1=CC=CO1
mol615,N(=O)(=O)C1C=CC(=C(/C=N/NC(CNC(=O)C2C=CC(=C(OC)C=2)OC)=O)C=1)OC
mol616,N(C(=O)C1=CC=C(C(C)=C1)C)C(=S)NC1=CC=CC=C1
mol617,C1(Br)=C(O)C(/C=N/NC(CNC(=O)C2=CC=CC(F)=C2)=O)=C(C(Br)=C1O)C
mol618,S(=O)(=O)(C1C=CC(=CC=1)OC)N(C1C=CC=CC=1)CC(NCCCOCC)=O
mol619,C1(O)C(I)=CC(=CC=1I)/C=N/NC(CNC(=O)C1C=CC(=CC=1)Cl)=O
mol620,C(=O)(NN=CC1=CC=C(C(OC)=C1)OC)C(O)(C1C=CC=CC=1)C1=CC=CC=C1
mol621,N(=O)(=O)C1C=CC(=C(/C=N/NC(CNC(=O)C2=CC=CO2)=O)C=1)OC
mol622,C1(Br)=C(O)C=CC2=CC=CC=C12
mol623,C(=O)(NC1=CC=C(C=C1)N(C)C(C)=O)C1=CC=CO1
mol624,N(C(COC1C=CC=CC=1)=O)C1=CC=C(C=C1O)CC1=CC=C(C(O)=C1)NC(COC1=CC=CC=C1)=O
mol625,C1(O)C(Br)=CC(=CC=1Br)/C=N/NC(CNC(=O)C1C=CC=C(F)C=1)=O
mol626,C1(C2=CC=CO2)=NN=C(C2=CC=CC(=C2)NC(CC2=CC=C(C=C2)Cl)=O)O1
mol627,C(=O)(C1C=CC(=CC=1)Cl)NCC(=O)N/N=C/C1=CC=C(C(I)=C1)OC
mol628,C1(NC(CCC(OCC)=O)=O)SC2=C(CCCC2)C=1C(N)=O
mol629,C1(O)=C(I)C=C(C=C1I)/C=N/NC(CNC(=O)C1C=CC=C(F)C=1)=O
mol630,C1(O)(CC(=O)C=CC2=CC=CC=C2)C2C=C(Br)C=CC=2NC1=O
mol631,C(=O)(NNC(CCC(=O)NC1C=CC=C(Cl)C=1C)=O)[C@H]1CCCC[C@H]1C(O)=O
mol632,C1(NC(=O)C=CC2C=CC=CC=2)=NN=C(SC(C)C(=O)NC2C=CC(=CC=2)OCC)S1
mol633,C1(O)C(OC)=CC(=CC=1Br)/C=N/NC(CNC(=O)C1=CC=CO1)=O
mol634,C1(=CC=C(C(=O)NC2C=CC(=C(Cl)C=2)Cl)O1)N(=O)=O
mol635,N1(CC(=O)NN=C(C)C2=CC=CC=C2O)C2C=CC=CC=2N=C1
mol636,C1(C#N)C2CCCCC=2C(=NC=1SCCCC)C1C=CC=CC=1
mol637,C(=O)(NCC(=O)N/N=C/C1C=C(OC)C=CC=1O)C1=CC=C(C(OC)=C1)OC
mol638,N1C(N2CCCC2)=NC(=NC=1N1CCCC1)NN=CC1C=C(Cl)C=C(Cl)C=1OCCOC1C=CC=CC=1
mol639,C(=O)(C1C=CC=C(F)C=1)NCC(=O)N/N=C/C1C=C(OC)C=CC=1O
mol640,N(=O)(=O)C1C=CC(=CC=1)CC(=O)NCC(OC)=O
mol641,C(C#N)(=CC1C=CC(=CC=1)OCC(=O)NC1=CC=CC=C1C)C(=O)NC1CCCCC1
mol642,N(=O)(=O)C1C=CC(=C(C)C=1)NC(COC1=CC=C(C=C1)Cl)=O
mol643,C1(OC)=C(OC)C=C(C=C1OC)C(=O)NCC(=O)N/N=C/C1C=C(OC)C=CC=1O
mol644,N1(C2C=CC=CC=2SC2C=CC=CC1=2)C(=O)CN1CCOCC1
mol645,N1C2C=C(Cl)C=CC=2OC=1C1=CC=C(C(NC(=O)C=CC2C=CC=CC=2)=C1)C
mol646,C1(=C(C=CC(=C1)N(=O)=O)OC1=CC=C(C=C1OCC)C=NNC(CNC1=CC=CC2=CC=CC=C12)=O)N(=O)=O
mol647,N(=C(C)C1=CC=C2C(OCCO2)=C1)NC(C1C=CN=CC=1)=O
mol648,C1(C2=CC=CC=C2N=C2C=CC=CC=12)N[C@H](CC1C=CC=CC=1)C(O)=O
mol649,C(=O)(C1C=CC=C(F)C=1)NCC(=O)N/N=C/C1=CC=C(C(OCC)=C1)O
mol650,C(=O)(NC1=CC=C(C=C1)N(C)C(C)=O)N1CCOCC1
mol651,N1C(=O)C(SC1=S)=CC1=CC=C(C(OC)=C1)OC(=O)C1=CC=CC(=C1)N(=O)=O
mol652,C(=O)(C1=CC=CC(C)=C1)N/N=C1\CCCCC\1
mol653,C1(=CC2C=C(OC)C(=C(I)C=2)O)C(=O)NN(C2=CC=C(C=C2)F)C1=O
mol654,C(=O)(C1C=CC=C(F)C=1)NCC(=O)N/N=C/C1=CC=CC(C)=C1O
mol655,C(=O)(C1C=CC=C(F)C=1)NCC(=O)N/N=C/C1=CC(Cl)=CC=C1O
mol656,C1(SC=C(C2=CC=CC=C2)N=1)NC(=O)C=CC(OCC)=O
mol657,N(=O)(=O)C1=CC=C(C(Br)=C1)OCC(=O)N/N=C/C1C=C(OCC)C(=C(Cl)C=1)O
mol658,S1C(SCC(=O)NN=CC2=CC=CO2)=NN=C1SCC1=CC=CC=C1
mol659,C(=O)(C1C=CC(=CC=1)OCC)NC1=CC=C(C=C1)N(C)C(C)=O
mol660,C1(=C(Br)C=C(C=C1/C=N/NC(COC1=CC(C)=CC=C1C(C)C)=O)Br)OC(=O)C1=CC=CO1
mol661,C1(=CC=C(/C=N\NC(=O)CC2=CC=CC3C=CC=CC2=3)O1)C1=CC(Cl)=CC=C1Cl
mol662,C(=C/C1=CC=C2C(OCO2)=C1)(\NC(C1=CC=CC=C1)=O)/C(=O)N/N=C/C1=CC(Cl)=CC=C1OC
mol663,C1(C(/C=N/NC(=O)/C(/NC(C2=CC=CC=C2)=O)=C\C2=CC=CS2)=CC=C(O)C=1OC)N(=O)=O
mol664,N1(C2=CC=CC=C2)C(SCC(=O)NN=CC2C=CC=CC=2OCC)=NN=C1C1=CC=C(C=C1)Cl
mol665,S(CC1C=CC=CC=1)(=O)(=O)NC1=CC=C(C=C1)C(C)CC
mol666,C1(=CC=C(C=NC2C=CC=CC=2C(N)=O)S1)N(=O)=O
mol667,C12SSC(=S)C=1C1=C(C=C(C(C)=C1)C)N(C(=O)COC1=CC=C(C=C1)Cl)C2(C)C
mol668,C1(C(/C=N/NC(COC2=CC(C)=CC=C2C(C)C)=O)=CC=C(OC(C)=O)C=1OC)N(=O)=O
mol669,C(=O)(C1C=CC=C(Cl)C=1)NC1=CC=C(C=C1)C(C)CC
mol670,C1(=CC=CC2C=CC=CC1=2)CC(=O)N/N=C/C1=CC=CC(O)=C1
mol671,C1(=CC=C(/C=N/NC(COC2C(C)=CC=CC=2C)=O)O1)C1=CC(Cl)=CC=C1Cl
mol672,C1(/C=N/NC(COC2=C(C)C=CC=C2C)=O)C=C2OCOC2=CC=1Br
mol673,C1(O)C(OCC)=CC(=CC=1I)/C=N/NC(COC1=CC=C(C(C)=C1)C)=O
mol674,C(CSC1C=CC(=CC=1)Cl)(=O)NC1=CC=C(C=C1)NC(C)=O
mol675,C1(/C=N/NC(COC2C(C)=CC=CC=2C)=O)C(OCC)=CC=C2C=CC=CC=12
mol676,S(=O)(=O)(C1C=CC(=CC=1)NC(C)=O)NC1C=CC=C2C=1C=CC=C2NS(=O)(=O)C1=CC=C(C=C1)NC(C)=O
mol677,C(=C/C1=CC=C2C(OCO2)=C1)(\NC(C1=CC=CC=C1)=O)/C(=O)N/N=C/C1=CC=CC=C1OC(=O)C1=CC=CO1
mol678,N1(C2=CC=C(C=C2)OC)N=C2C(C=C(C(C)=C2)NC(=O)C2=CC=C(C3=CC=CC(Cl)=C3C)O2)=N1
mol679,C1(=CC(C)=CC=C1C(C)C)OCC(=O)N/N=C/C1=CC(Cl)=CC=C1OC
mol680,C(=O)(C(C)(C)C)NC1=CC=CC(=C1)C(=O)NC1C=CC(=CC=1)I
mol681,C1(C(C2C=CC=CC=2)C2=CC=CC=C2)=NN=C(NC(=O)NC2=CC=CC=C2F)S1
mol682,N1(C2=CC=C(C=C2)OC)N=C2C(C=C(C(C)=C2)NC(=S)NC(=O)C2C=CC(=CC=2)OC)=N1
mol683,C1(C2C=CC(=CC=2)I)=CC=C(/C=N/NC(COC2=C(Br)C=C(C=C2Br)Br)=O)O1
mol684,C1(=CC(=NN1)C)C(=O)NN=CC1=CC=C(C2C=CC=C(C=2)C(F)(F)F)O1
mol685,C12(CCCCC1C2C(=O)N/N=C/C1=CC=CC(=C1)N(=O)=O)C
mol686,N12N=C(SC1=NC(=O)C(=CC1C3C=CC=CC=3N(CCOC3=CC=C(C=C3)C(C)(C)C)C=1)C2=N)C(C)C
mol687,C1(C=NC=C(Br)C=1)C(=O)N/N=C/C1=CC(Cl)=CC=C1O
mol688,C1(C2CCCCCC=2SC=1NC(C1C=CC=CC=1)=O)C(=O)NC1C=CC=C(C)C=1
mol689,N(=O)(=O)C1=CC=C(C=C1)N1CCN(CC1)C(=O)CC1C=CC(=C(OC)C=1)OC
mol690,C(=C/C1=CC=C(C=C1)N(CC)CC)(\NC(C1=CC=CC=C1)=O)/C(=O)N/N=C/C1C=C(OCC)C(=C(I)C=1)O
mol691,S(=O)(=O)(C1=CC=C(C=C1)OC)NC1=CC=CC=C1C(OCC)=O
mol692,C1(C=NC=C(Br)C=1)C(=O)N/N=C/C1C=CC(=C(I)C=1)OC
mol693,N(=O)(=O)C1C=CC(=C(C=1)NC(=O)C1=CC=CC(=C1)N(=O)=O)Cl
mol694,C1(C=NC=C(Br)C=1)C(=O)N/N=C/C1=CC=C2C(C=CC=C2)=C1
mol695,C1(N=C(C)C=C(C)N=1)NC(=N)NC1=CC=CC(C)=C1C
mol696,C1(C(=CC=C(C=1)N(=O)=O)OC1=CC=CC(=C1)/C=N/NC(COC1=CC=C(C=C1Cl)Cl)=O)N(=O)=O
mol697,N(C(=S)NC1C=CC(=C(Cl)C=1)C(O)=O)C(=O)C1=CC=CC=C1C
mol698,N1(C(=O)CSC2=NN=C(C3C=CC(=CC=3)C)N2)C2C=CC=CC=2SC2C=CC=CC1=2
mol699,N(=O)(=O)C1=CC(=CC=C1OC(=O)C1=CC=CO1)/C=N/NC(C1=CC=NC=C1)=O
mol700,C(=O)(C(C)OC1=CC=C(C=C1Cl)Cl)NC1C=CC(=CC=1)C#N
mol701,C(=C/C1=CC=C(C=C1)N(CC)CC)(\NC(C1=CC=CC=C1)=O)/C(=O)N/N=C/C1=CC=C(C=C1)OCC1C=CC=CC=1
mol702,C(=O)(NNC(COC1C=CC=C2C=CC=CC=12)=O)[C@H]1CCCC[C@H]1C(O)=O
mol703,C1(O)C(OCC)=CC(=CC=1Cl)/C=N/NC(COC1=CC=C(C=C1Cl)Cl)=O
mol704,C1(=N/NC(=O)C2C=CC=C(Br)C=2)/C(=O)NC2C=CC(C)=C(Br)C/1=2
mol705,N(=O)(=O)C1=CC2OCOC=2C=C1/C=C(/C#N)\C#N
mol706,C1(/C=N/NC(=O)CC2C=CC=C3C=CC=CC=23)C=C(Br)C=C(Br)C=1O
mol707,C1(O)(CC(=O)C2C=CC(=CC=2)C(C)C)C(=O)NC2C(=CC=C(Cl)C1=2)C
mol708,C1(C=CC=C2C=CC=CC=12)CC(=O)N/N=C/C1C=CC(=CC=1)Br
mol709,C1(=CC=C(C2=CC=CC=C12)Br)CC(=O)NN=CC1C=CC=CC=1OC(C)=O
mol710,N(=O)(=O)C1C=C(C=CC=1O)/C=N/NC(COC1=C(C)C=CC=C1C)=O
mol711,S(N)(=O)(=O)C1=CC=C(C=C1)CCNC(=O)C1C2=CC=CC=C2N=C(C2C=CC=CC=2)C=1
mol712,N(=O)(=O)C1=CC=CC(=C1)/C=N/NC(COC1=CC=C(C(C)=C1)C)=O
mol713,C(=O)(NC1=CC=CC(C)=N1)C1C=CC(=CC=1OC)SC
mol714,N(=O)(=O)C1C=C(C=CC=1O)/C=N/NC(COC1=CC=C(C(C)=C1)C)=O
mol715,C12C3CCN(CC=3SC=1N=C(SCC=C)N(C1=CC=C(C=C1)C)C2=O)CC1C=CC=CC=1
mol716,N(=O)(=O)C1=CC=C(C=C1)/C=N/NC(=O)CC1C=CC=C2C=CC=CC=12
mol717,C1(C=CC=C2C=CC=CC=12)CC(=O)N/N=C/C1C=CC(=CC=1)/C=N/NC(=O)CC1C=CC=C2C=CC=CC=12
mol718,C12C3CCN(CC=3SC=1N=C(SCC(C)=C)N(CC1=CC=CC=C1)C2=O)C
mol719,C1(=CC=C(/C=N/NC(COC2C(C)=CC=CC=2C)=O)O1)N(=O)=O
mol720,C1(C=CC=C2C=CC=CC=12)CC(=O)N/N=C/C1=CC=C(C=C1O)O
mol721,C1(C=CC=C2C=CC=CC=12)CC(=O)N/N=C/C=C/C1=CC=CO1
mol722,C1(/C=N/NC(=O)CC2C=CC=C3C=CC=CC=23)C(O)=CC=C2C=CC=CC=12
mol723,C1(/C=N/NC(COC2C(C)=CC=CC=2C)=O)C(O)=CC=C2C=CC=CC=12
mol724,N(C1C(Cl)=CC=C(Cl)C=1)C(C(C)C)=O
mol725,C1(C(O)=C(/C=N/NC(=O)C2C=NC=C(Br)C=2)C=C(C=1)N(=O)=O)N(=O)=O
mol726,C(=O)(C1C=CC(=CC=1)C(C)(C)C)NCC1C=CC=CC=1
mol727,C12C(=O)CC(CC=1NC1=C(C=CC=C1)N(CC(OC)=O)C2C1=CC=CO1)(C)C
mol728,C1(C=CC=C2C=CC=CC=12)CC(=O)N/N=C/C1=CC=C(C(O)=C1)O
mol729,N12N=C(SC1=NC(=O)C(=CC1=CC=C(C(OC)=C1)OCC1C=CC=CC=1Cl)C2=N)CC(C)C
mol730,C1(C(NCC#N)=O)C2C=CC=CC=2OC2=CC=CC=C12
mol731,N1(C(=O)CSC2SCCN=2)C2C=CC=CC=2C2C=CC=CC1=2
mol732,N(=C(/C)\C1=CC=C(C=C1)CC)/NC(CNC1=CC=CC(C)=C1)=O
mol733,C1(C=C(C)C=CC=1C)NC(CCC(NN)=O)=O
mol734,C1(/C=N/NC(=O)C2=CC=CN=C2)C=C(I)C=C(I)C=1O
mol735,C1(C(OCCC)=O)=C(C)NC2=C(C(=O)CC(C)(C)C2)C1C1C=CC(=C(OC)C=1OC)OC
mol736,C1(/C=N/NC(C2=CC=NC=C2)=O)C=C(I)C=C(I)C=1O
mol737,N1C2C=C(Cl)C=CC=2OC=1C1=CC=C(C=C1)Br
mol738,N(=C(/C)\C1=CC=C(C=C1)C(C)C)/NC(CNC1C=CC=CC=1C)=O
mol739,C1(=NC2=CC=CC=C2OC)SC(C(=O)NC2=CC=C(C=C2)OC)CC(=O)N1C
mol740,N(=O)(=O)C1=CC(=CC=C1OC(=O)C1=CC=CO1)/C=N/NC(=O)C1C=NC=C(Br)C=1
mol741,C1C(CC(CC=1NCC1C=CC(=CC=1)C)(C)C)=O
mol742,C1(O)(CC(=O)C2=CC=C(C=C2)C(C)(C)C)C2=CC(Cl)=CC=C2NC1=O
mol743,C(COC1=CC=C(C(C)=C1)C)(=O)N/N=C/C1=CC=C2C(OCO2)=C1
mol744,C12C(O)=NCCOC=1C1C=CC=CC=1N(C)C2=O
mol745,C1(C(C)=CC=CC=1C)OCC(=O)N/N=C/C1C=CC(=C(OC)C=1)O
mol746,C(COC1=CC=C(C(C)=C1)C)(=O)N/N=C/C1=CC=C(C(OC)=C1)OC
mol747,C(COC1=CC=C(C(C)=C1)C)(=O)N/N=C/C1C=CC(=CC=1)N(C)C
mol748,N1(CC2=CC=CC=C2)C2C=CC=CC=2C(O)(CC(=O)C2=CC=CS2)C1=O
mol749,C1(=C(C)C=CC=C1C)OCC(=O)N/N=C/C1=CC=C(C=C1)N(C)C
mol750,C1(=CC=C(C=C1N(=O)=O)Cl)C(=O)NC1C=CC(=CC=1F)Br
mol751,C1(SCC(=O)NN=CC2=CC=C(C=C2)C(OC)=O)SC2C(=CC=CC=2)N=1
mol752,C1(C(C)=CC=CC=1C)OCC(=O)N/N=C/C1C=CC(=C(OCC)C=1)O
mol753,C(COC1=CC=C(C(C)=C1)C)(=O)N/N=C/C1C=CC(=CC=1O)C
mol754,C(=O)(OC1C=CC=CC=1/C=N/NC(C1=CC=NC=C1)=O)C1=CC=CO1
mol755,C(C1CCCC1)(C(OC)=O)C(=O)NCC1C=CC=NC=1
mol756,C(=O)(C1C=CC=C(F)C=1)NCC(=O)N/N=C(\CCC)/C1=CC=CC=C1
mol757,C12C3C=C(C)C(=CC=3NC(C)(C)C=1SSC2=NC1C=CC=CC=1OCC)C
mol758,C(C1CCCCC1)(=O)NC1=CC=C(C=C1)C(=O)NNC(COC1=CC=C(C=C1)CC)=O
mol759,C(=O)(C1C=CC=C(F)C=1)NCC(=O)N/N=C/C1=CC=C(C=C1)C
mol760,N(C(=O)C1=CC=C(C(OC)=C1)OC)C(=S)NC1=CC=CC=C1C
mol761,C(=O)(C1C=CC(=CC=1)Cl)NCC(=O)N/N=C/C1=CC=C(C=C1)C
mol762,N1(C2=CC=CC=C2)C(SCC(=O)NN=CC2=CC=C(C)S2)=NN=C1C1=CC=C(C=C1)C
mol763,C(/O)(\NCCCO)=N\C1=CC=C(C(Cl)=C1)Cl
mol764,C1(C(=O)NC2=CC=C(C=C2Cl)Cl)=C(O)C2C=CC=CC=2N(C)C1=O
mol765,C(=O)(C(C1=CC=CC=C1)C1C=CC=CC=1)NNC(CCCCC(=O)NNC(=O)C(C1C=CC=CC=1)C1=CC=CC=C1)=O
mol766,C(=O)(C1C=CC=C(F)C=1)NCC(=O)N/N=C/C1C=CC(=CC=1)F
mol767,N1(CC)C(SCC(=O)NC2=CC=C(C=C2)F)=NN=C1C1C=CC=CC=1
mol768,N(=O)(=O)C1C=C(C=CC=1O)/C=N/NC(COC1=CC=CC=C1C#N)=O
mol769,C1(=CC(C)=CC=C1C)NC(CCC(=O)NNC(=O)C=CC1C=CC=C2C=CC=CC=12)=O
mol770,C(COC1=CC=C(C(C)=C1)C)(=O)N/N=C/C1C=CC(=CC=1OC)OC
mol771,N1(CC2=CC(=CC=C2OC)C=NNC(=O)CP(OCC)(OCC)=O)C(C)=C(C(C)=N1)Br
mol772,N(=O)(=O)C1=CC=CC(/C(/C)=N/NC(COC2=CC=C(C(C)=C2)C)=O)=C1
mol773,N1C(=O)C(SC1=O)=CC1=CC=C(C=C1)N(CC)CC
mol774,N1(CNC2=CC=C(C(Cl)=C2)C)N=C(OC1=S)C1=CC=CC=C1
mol775,N(=O)(=O)C1C=CC(=C(/C=N/NC(COC2=CC=C(C(C)=C2)C)=O)C=1)O
mol776,N1(C(C)C(N)=O)C(=O)C2=C(C=CC=C2)C1=O
mol777,N12N=C(SC1=NC(=O)C(=CC1C=C(OCC)C(=C(Cl)C=1)OCC1C=CC(=CC=1)N(=O)=O)C2=N)C
mol778,C(COC1C(C)=CC=CC=1C)(=O)N/N=C(\C)/C=C/C1=CC=CC=C1
mol779,C(=O)(C(CC)C1=CC=CC=C1)NC1C=CC(=CC=1)C(OCC)=O
mol780,C1(C=CC=C2C=CC=CC=12)CC(=O)N/N=C/C1=CC=C2C(OCO2)=C1
mol781,N(=O)(=O)C1=CC=C(C=C1)C(=O)NNC(=O)C=CC(O)=O
mol782,N(=C(/C)\C1C=CC(=CC=1)OC)/NC(COC1=C(C)C=CC=C1C)=O
mol783,S(C)(=O)(=O)N(C1C=CC(=CC=1)OC)C(C)C(=O)NC1=CC=C(C=C1)CC
mol784,N(=O)(=O)C1C=CC(=CC=1)/C(/C)=N/NC(COC1=CC=C(C(C)=C1)C)=O
mol785,C1(CNC2C=CC(=CC=2)OC)N(C)C2C(=CC=CC=2)N=1
mol786,N(=C(/C)\C1=CC=C(C=C1)OC)/NC(COC1=CC=C(C(C)=C1)C)=O
mol787,C1(C(OCCSCC)=O)=C(C)NC2=C(C(=O)CC(C3=CC=CC=C3)C2)C1C1C=C2OCOC2=CC=1Br
mol788,C1(C=CC=C2C=CC=CC=12)CC(=O)N/N=C/C1=CC=C2C(C=CC=C2)=C1
mol789,S(=O)(=O)(C1C=CC(=CC=1)NC(=O)C1=CC=C(Br)O1)N1CCCCCC1
mol790,N1(C2C=CC=CC=2SC2C=CC=CC1=2)C(=O)C1=CC=CC=C1OC
mol791,N(=O)(=O)C1=CC=C(C=C1)C(=O)NC1C=CC(=CC=1C#N)CC1=CC=C(C(C#N)=C1)NC(=O)C1C=CC(=CC=1)N(=O)=O
mol792,C(=O)(NN=CC1=CC=CC2=CC=CC=C12)C(C1C=CC=CC=1)C1C=CC=CC=1
mol793,C1(C2C=CC(=CC=2)N)(C2=CC=C(C=C2)N)C2C=CC=CC=2C2C=CC=CC1=2
mol794,N(C(N)=O)C(N)=O
mol795,C1(C#N)C2CCCCC=2SC=1/N=C/C1=CC=C(C=C1)Br
mol796,C1(=N/C2=CC=C(C=C2)C)\SC(C(=O)N\1)=CC1C=C(N(C2C=CC(=CC=2)C(OCC)=O)C=1C)C
mol797,N(=O)(=O)C1C=CC=C(C=1)C(=O)NC1C=CC(=CC=1Cl)NC(=O)C1=CC=CC(=C1)N(=O)=O
mol798,C1(C2=CC=CC(=C2)N=CC2C(O)=CC=C3C=CC=CC=23)SC2=C(C=CC=C2)N=1
mol799,N1(C2=CC=CC=C2O)C(=O)C2C(=CC3=C(C=2)C(=O)N(C3=O)C2C=CC=CC=2O)C1=O
mol800,S(=O)(=O)(C1=C(C)C=C(C=C1C)C)NC1C(CC)=CC=CC=1C
mol801,N(=O)(=O)C1=C(Cl)C=CC(=C1)C(=O)NC1=CC=C(C(C(F)(F)F)=C1)Cl
mol802,C12=C(O)CC(CC1=NC1=C(C=CC=C1)N(C(CC)=O)C2C1=CC=C(C=C1)F)C1C=CC(=CC=1)C(C)(C)C
mol803,C(COC1C=CC(=CC=1)C)(=O)NC1=CC=C(C=C1)NC(COC1C=CC(=CC=1)C)=O
mol804,C1(=CC2C=CC(=CC=2OC1=O)OC(C)=O)C1SC=C(C2C=CC(=CC=2)OC)N=1
mol805,C(=O)(NNC(CCC1C=C(C(C)(C)C)C(=C(C(C)(C)C)C=1)O)=O)C(=O)NNC(CCC1=CC(C(C)(C)C)=C(C(C(C)(C)C)=C1)O)=O
mol806,N1C(N2CCCC2)=NC(=NC=1N1CCCC1)NN=CC1C2=CC=CC=C2N(CCOC2=CC=C(C=C2C)C)C=1C
mol807,N(=O)(=O)C1=CC=C(C=C1)C1=CC=C(C=C1)NC(=O)C1=CC=CC=C1C
mol808,C1(C2=CC=CC=C2Br)OC2=C(C=C(C=C2)NC(=O)C2=CC=C(C(C)=C2)N(=O)=O)N=1
mol809,S(=O)(=O)(NC1C=CC(=CC=1)I)C1C=CC2=C(C=CC=C2)C=1
mol810,N1C=C(CCCCC)C=CC=1C1C=CC(=CC=1)CCCCCC
mol811,C(CCC1C=CC=CC=1)(=O)NC1=CC=C(C=C1)I
mol812,S(=O)(=O)(C1C=CC(=CC=1)OC)N(CCC1C=CC=CC=1)CC(=O)NC1=CC=CC(C(C)=O)=C1
mol813,C(=O)(C1C=CC=C(I)C=1)NC1=CC=C(C=C1)I
mol814,C1(NN=NN=1)C(CC1C=CC(=CC=1)OC)C(=O)NC1C=CC=CC=1OC
mol815,S(=O)(=O)(C1=CC=C(C=C1)NC(C)=O)NC1=CC=CC(=C1)NC(C)=O
mol816,N12CN(C3C=CC(=CC=3)Cl)CN=C1SC(C2=O)=C1C2C=C(OC)C=CC=2NC1=O
mol817,N(=O)(=O)C1=CC=CC(=C1)C(=O)NC1C=CC(=CC=1)I
mol818,C1(=CC=C(C=C1Cl)Cl)C(=O)NC1C=CC(=CC=1)I
mol819,C(=O)(C1C=CC(=CC=1)Cl)NC1C=CC=CC=1Br
mol820,C1(=NC2C=CC(=CC=2)Cl)SC(C(=O)NC2=CC=C(C=C2)OC)CC(=O)N1CCC1C=CC(=CC=1)F
mol821,C1(C(=CC=CC=1N(=O)=O)C(OCCCC)=O)C(=O)NC1=CC=C(C=C1)C(C)=O
mol822,N1(C(C)=CC=C1C)C1C(C)=CC=C(C(O)=O)C=1
mol823,S(=O)(=O)(NC1=CC=C(C=C1C#N)N(=O)=O)C1C=CC=C2C=1C=CC=C2S(=O)(=O)NC1C=CC(=CC=1C#N)N(=O)=O
mol824,N1(CC2=CC=CC=C2)C2C=CC=CC=2C=C1CC(=O)NC1C=CC=CC=1
mol825,N(=O)(=O)C1=CC=C(C(Cl)=C1)C(=O)NC1C=C(C)C=CC=1OC
mol826,O1C(C2C=CC=CC=2)=CC=C1C(O)=O
mol827,N1(C2C=CC=CC=2C)C(=O)C2C(C3OC2C=C3)C1=O
mol828,C(C(=O)OC(C)(C)C)(C(=O)OC(C)(C)C)(N(=O)=O)C1=NC(N)=NC(C(C(=O)OC(C)(C)C)C(=O)OC(C)(C)C)=N1
mol829,C(=O)(NC1=CC=C(C=C1)NC(C)=O)C1=CC=CS1
mol830,C12=CC=CC=C1C(=CC=C2C=NC1=CC=C(C=C1)OCC)OC
mol831,C(=O)(C1=CC=CS1)NC1=C(OC)C=CC(OC)=C1
mol832,C1(C(OCCOC2C=CC=CC=2)=O)=C(C)NC2=C(C(=O)CC(C3C=CC(=CC=3)Cl)C2)C1C1=CC=CC=C1F
mol833,N1(CC)C2C=CC=CC=2C2C=C(C=CC=21)NC(=O)C1=CC=CS1
mol834,N(=O)(=O)C1C=CC=CC=1C=CC(C1=CC=CC=C1)=NNC(=O)C1=CC=C(C=C1)O
mol835,C(=O)(C1=CC=CS1)NC1=CC=CC(Cl)=C1C
mol836,N1(CCC2C=CC=CC1=2)C(=O)C1=CC=CC=C1C(O)=O
mol837,C1(=CC=CC=C1NC(=O)C1=CC=CS1)C(N)=O
mol838,N(C1=C(C)C=C(C=C1C)C)C(=O)C1=CC=CS1
mol839,N(=C(C)C1=CC=C(C=C1)O)NC(CCC(=O)NC1C=CC(=C(C)C=1)C)=O
mol840,C(=O)(NC1C=CC(=CC=1)CC)C1=CC=CS1
mol841,C1(=CC2=CC(Br)=CC=C2OC1=O)C1NC2=C(C=CC(=C2)N(=O)=O)N=1
mol842,N1(CC2CCCO2)C(=O)C2C(=CC=CC=2)C1=O
mol843,N1(C)C(=O)C=C(NC1=O)NC1C=CC(=C(C)C=1)C
mol844,C(NCCC(=O)OCC(C1C=CC=CC=1)=O)(=O)C1C=CC(=CC=1)Br
mol845,C(=O)(C1=CC=CS1)NC1=C(OC)C=CC(Cl)=C1
mol846,N(=O)(=O)C1C=CC(=C(C=1)C1=CC=C(/C=N/NC(=O)C2=CC=CO2)O1)Cl
mol847,C(=O)(C(=O)NCC1CCCO1)NC1C=CC(=CC=1C)C
mol848,C(=O)(NC1C=CC=CC=1OCC)C(=O)NC(C)C1=CC=CC=C1
mol849,C(=O)(NCC1CCCO1)C(NCCCCC1C=CC=CC=1)=O
mol850,C(=O)(N/N=C/C1C(=CC=CC=1F)Cl)C(=O)NC1C=CC(=CC=1)CC
mol851,N(=O)(=O)C1C=CC(=CC=1N/N=C/C1C=CC(=C(OCC)C=1)O)Cl
mol852,C(=O)(N/N=C/C1=CC=CC(Cl)=C1Cl)C(=O)NC1C=C(C)C=CC=1C
mol853,C(=O)(C(NCCOC=C)=O)NC1=CC(C)=CC=C1C
mol854,N1C(CSC=1N/N=C/C1=CC=CC=C1O)=O
mol855,C(=O)(C(NCC=C)=O)NC1=CC=CC(Cl)=C1Cl
mol856,C1(=NCCC2=CC(=C(OC)C=C12)OC)C1=CC=CC=C1C(OC)=O
mol857,C1(C(=O)NCC2=CC=CO2)=C(Cl)C2=C(C=CC=C2)S1
mol858,C(=O)(N/N=C/C1C=CC(=CC=1)C)C(=O)NC1=CC=CC(C)=C1
mol859,N1(C2C=CC(=CC=2)OC)CC(CC1=O)C(=O)N/N=C/C1=CC=CC(=C1)N(=O)=O
mol860,C(Cl)(Cl)(Cl)C(=O)NC1C=CC=C(C=1)NC(CCC)=O
mol861,N1(C2C=CC=CC=2)C(SCC(=O)NN=CC2=CC=CO2)=NN=C1C1=CC(OC)=C(C(OC)=C1)OC
mol862,C1(C(=O)OC(C)C)=C(C)NC2=C(C(=O)CC(C3C=CC(=CC=3)Cl)C2)C1C1C=CC(=C(OCC)C=1)O
mol863,C(=O)(N/N=C/C1C2C=CC=CC=2C=C2C=CC=CC=12)C(=O)NC1C(C)=CC=CC=1C
mol864,C1(C=CC=CC=1OCC)CN(CCC1C=CC2=C(OCO2)C=1)CC1=CC=C(C(F)=C1)F
mol865,C12(/C=N/C3=CC=C(C=C3)OCC)C3=CC=CC=C3C(C3C1C(=O)N(C3=O)C1C=CC(=CC=1)OCC)C1=CC=CC=C21
mol866,N1(CCN=C1C1C=CC=CC=1)C(=O)C1C=CC(=CC=1)OC
mol867,C1(N(C2=CC=CC=C2)C2=CC=CC=C2)=NC(OC(C(F)(F)F)C(F)(F)F)=NC(N2CCNCC2)=N1
mol868,C(=O)(C(NCCC1C=CC=CC=1F)=O)NC1C=CC=C(Cl)C=1Cl
mol869,N1(C2C=CC(=CC=2)OCCC)C(C2=CC=CC=C2)NC2C(=CC=CC=2)C1=O
mol870,N1(CCC(CC1)C(N)=O)C(=O)COC1C=CC(=CC=1C)Cl
mol871,N12C(=O)C(SC1=C(C(C1C=CC=C(OCC)C=1)C(C(OC)=O)=C2N)C#N)=CC1=CC=C(C=C1)OCC
mol872,C(=O)(N/N=C/C1C=C(OC)C(=C(OC)C=1)OC)C(=O)NC1C=CC=CC=1F
mol873,C(=O)(OC1=CC=C(C=C1)Cl)C1=CC(OC)=C(C(OC)=C1)OC
mol874,N(=O)(=O)C1=CC=C(C=C1N/N=C/C1=CC=C(C(OC)=C1)O)Cl
mol875,N12N=C(SC1=NC(=O)C(=CC1=CC=C(C(OC)=C1)OCCOC1=C(C)C=CC=C1C)C2=N)C
mol876,N(C1C(C)=CC=CC=1C)C(=O)C(NCCC(C)C)=O
mol877,C12CC(CCC=1NC1=C(C=CC=C1)C2=O)C(C)(C)C
mol878,C(=CC1C=CC=CC=1)(C(=O)N(C)CC1C=CC=CC=1)N1C=CC=CC1=O
mol879,S1(=O)(=O)C2C=CC=CC=2C(OC2C=CC(=CC=2)CC)=N1
mol880,C(=O)(C(=O)NCC1CCCO1)NC1C=CC=C(Cl)C=1Cl
mol881,N1(CC)C(=O)C(SC1=S)=CC1=CC(Cl)=CC=C1OCC1C=CC(=CC=1)F
mol882,C(=O)(N/N=C/C1=CC=CC=C1OCC1C=CC=CC=1Cl)C(=O)NC1C=CC=CC=1CC
mol883,C1(SC2=CC=C(/C=N/C3=CC=C(C(C)=C3)C)O2)SC2=C(C=CC(=C2)N(=O)=O)N=1
mol884,C(OC)(COC1C=CC(=CC=1)C=O)=O
mol885,C(=O)(NC1C=CC(=CC=1)OCCCCC)C1=CC=CS1
mol886,C1(C(=C(C)C=CC=1C(NCCC(OC)=O)=O)OCC1C=CC=CC=1)N(=O)=O
mol887,C1(N=C(OC)N=C(N(C)C)N=1)N(C#N)C(C)C(=O)N(C)C
mol888,C(=O)(C1C=CC(=CC=1)F)NC1=CC=C(C=C1)CCCC
mol889,C1(=CC2C=C(Br)C=CC=2OC1=O)C(=O)NC1SC(=C(C2C=CC(=CC=2)C2C=CC=CC=2)N=1)CC
mol890,N12CCN(C(CCCC(=O)C3C=C(C)C=CC1=3)C2=O)C(C1C=CC=CC=1)=O
mol891,C1(N/N=C\C2C=CC=CC=2C=O)=C(Cl)C(Cl)=C(C(Cl)=N1)C#N
mol892,C1(OC)=C(OC)C=C(C=C1OC)C(=O)NCC1=CC=CN=C1
mol893,S1(=O)(=O)C2C=C(C=CC=2C(N(C)/N=C/C2C=CC=C(OC)C=2O)=N1)N(=O)=O
mol894,N1(C2=CC=CC(OC3=CC=C4C(=C3)C(=O)N(C4=O)C3C=CC=CC=3)=C2)C(=O)C2C(=CC(=CC=2)N(=O)=O)C1=O
mol895,C1(NC(=O)NC2C=CC(=CC=2)F)=NN=C(CCOCC)S1
mol896,N(=O)(=O)C1C(O)=CC=C2CCCCC=12
mol897,C12C3CCN(CC=3SC=1N=C(SCC(C1C=CC=CC=1)=O)N(C1C=CC=CC=1)C2=O)CCC1C=CC=CC=1
mol898,C(=O)(N/N=C/C1C=CC(=CC=1)C)C(=O)NC1C(C)=CC=CC=1C
mol899,N(=O)(=O)C1C=CC=C(NC(=O)C=CC2=CC=CO2)C=1C
mol900,N1(C2C=CC=C(I)C=2)C(=O)C2C(=CC(=CC=2)OC2C=CC=C(C=2)N(=O)=O)C1=O
mol901,C(NCC1C=CC(=CC=1)F)(=S)NC1=CC=CC=C1F
mol902,C1(NNC(C)=O)=C(Cl)C(Cl)=C(C(Cl)=N1)C#N
mol903,S(=O)(=O)(C1C=CC(=CC=1)C)N(C1=CC=CC(Cl)=C1)CC(=O)NC1=CC(C)=CC=C1OC
mol904,C(=O)(NCC1CCCO1)C1C=CC(=C(C)C=1)C
mol905,C(=O)(C(C1C=CC=CC=1)C1=CC=CC=C1)NCC1C=CC=NC=1
mol906,C1(NC2=CC=CC=C2Cl)C2C(C=CC=1N(=O)=O)=NC1(CCCCC1)N=2
mol907,N(C1=CC=C(C=N1)Br)C(OCC)=O
mol908,N(=O)(=O)C1=CC=C(C=C1NCC1C=CC=CC=1)N1CCOCC1
mol909,C(=O)(C(=O)NCC1=CC=CC=C1Cl)NC1=CC=CC(Cl)=C1Cl
mol910,N1(CC2C=CC=CC=2)C(=O)C(SC1=S)=CC1=CC=C(C(OCC)=C1)OCCCOC1C=C(C)C=CC=1C(C)C
mol911,N1(C2C=CC=CC=2)CC(CC1=O)C(OC)=O
mol912,C1(C(=O)N(C)C)C2CCCCC=2SC=1NC(=O)C1=CC=CC=C1C
mol913,C(=O)(C(NCCC1C=CC(=CC=1)F)=O)NC1=CC=C(C=C1C)C
mol914,N1(C2=CC=CC=N2)C(=O)C2C(=CC(=CC=2)C(=O)C2=CC=C3C(=C2)C(=O)N(C3=O)C2C=CC=CN=2)C1=O
mol915,C(=O)(N/N=C/C1C=CC(=C(OC)C=1)OC)C(=O)NC1=C(C)C=CC=C1C
mol916,N1(C2C=C(C)C=C(C)C=2)C(=O)C2=C(C=CC=C2)C1=O
mol917,C(=O)(N/N=C/C1C=CC(=CC=1)C)C(NCCC)=O
mol918,S(=O)(=O)(C1C=CC(=CC=1)NC(=O)C=CC(OCC)=O)NC1=CC(OC)=NC(OC)=N1
mol919,N(=O)(=O)C1=C(C=CC(=C1)N(=O)=O)CC(=O)N/N=C1\CC/C(/CC\1)=N\NC(=O)CC1C=CC(=CC=1N(=O)=O)N(=O)=O
mol920,C(CSCC1C=CC=CC=1Br)(=O)N/N=C/C1=CC=C(C=C1)OC(C)=O
mol921,N1(C(=O)C2C=CC(=CC=2)N(C)C)N=C(CC1(O)C(F)(F)F)CC(C)C
mol922,C(=O)(N(C(C)C)C(C)C)C/C(/C)=N/NC(=O)C1C=CC=C2C=CC=CC=12
mol923,C1(O)=C(C=CC=C1/C=N/NC(CCC1=CC=CC=C1)=O)OC
mol924,S(=O)(=O)(N(CC)CC)C1=CC=C(C=C1)NS(=O)(=O)C1C=CC(=CC=1)NC(C)=O
mol925,C(=O)(C1=CC=C(C(Cl)=C1)OCC)NC1C=CC(=C(OC)C=1)OC
mol926,C(=O)(C1=CC=CC=C1OC)NC(C1=CC=CC=C1)C1=CC=CC=C1
mol927,N(=C/C1C=CC=CC=1OC(=O)/C=C/C1=CC=C(C=C1)Br)\C1C=C(C)C=CC=1C
mol928,C(OC1C=CC=C(C=1)C(=O)NC1C=CC(=CC=1)OCC)(=S)NC1=CC=C(C=C1)OCC
mol929,N(=O)(=O)C1=CC=CC(NC(CC)=O)=C1C
mol930,C(OC1C=CC=C(C=1)C(=O)NC1C=CC=C(Br)C=1)(=S)NC1=CC=CC(Br)=C1
mol931,N1(N=CC2=CC=C(C=C2)OC)C=NN=C1
mol932,C(OC1C=CC=C(C=1)C(=O)NC1C=CC(=CC=1)Br)(=S)NC1=CC=CC=C1
mol933,N1(N=C(C(=NNC2C=CC=CC=2C(F)(F)F)C1=O)C)C1SC=C(C2C=CC(=CC=2)C)N=1
mol934,C(=O)(C/C(/C)=N/NC(=O)C1=CC=C(C=C1)NC(C)=O)NC1C=CC(=CC=1OC)OC
mol935,N#CC1=CC=CC(=C1)N=CC1=CC=C(C(OC)=C1)OC(C)=O
mol936,C(CSCC1C=CC=CC=1C)(=O)N/N=C/C1=CC=C(C=C1Cl)Cl
mol937,N1C(N(C)C)=CC(=NC=1N(C)C)NN=CC1=CC=C(C=C1)Cl
mol938,N1(C2C=CC(=CC=2)C)CC(CC1=O)C(=O)OCC(=O)C1C=CC(=CC=1)Br
mol939,S1C(C2C=CC=C(F)C=2)=NN=C1NC(=O)NC1C=CC(=C(C)C=1)C
mol940,C(CSCC1=CC=CC=C1Cl)(=O)N/N=C/C1=CC=C(C=C1)OCC1C=CC(=CC=1)C
mol941,C12C3CCCCC=3SC=1N=C(SCC(=O)C1C=CC(=C(OC)C=1)OC)N(C1=CC=C(C=C1)Br)C2=O
mol942,C1(C2=CC=CC(C)=C2)(C2C=CC=C(C)C=2)CC1C(=O)N/N=C/C1=CC=C(C=C1)Br
mol943,C(=O)(C1C(=CC=CC=1OC)OC)NC1C(CC)=CC=CC=1C
mol944,N(=O)(=O)C1C=CC=C(C=1)/C=N/NC(=O)C(C)CC1=CC=CC(OC)=C1
mol945,N1(C(C)=O)C2C=CC=CC=2C(C(SSSC(CN(=O)=O)C2C3C=CC=CC=3N(C(C)=O)C=2)CN(=O)=O)=C1
mol946,C1(C2=CC=CC(C)=C2)(C2C=CC=C(C)C=2)CC1C(=O)N/N=C/C1=CC=CC=C1
mol947,C1(C#N)C2CCCCC=2C(=NC=1SCC(=O)NC1=CC=C(C=C1)Cl)C1=CC=CS1
mol948,C(CSCC1=CC=CC=C1Cl)(=O)N/N=C/C1=CC=C(C=C1)OCC1C=CC=CC=1
mol949,N(=O)(=O)C1=CC=CC(=C1C)C(=O)NC1C=CC2=C(CC3=C2C=CC=C3)C=1
mol950,C1(C)=CC(C)(C)NC2C=CC(=CC1=2)OC(=O)C1=CC(OC)=C(C(OC)=C1)OC
mol951,C1(NC2=CC=C(C(C)=C2)C)=NC(Cl)=NC(NC2C=CC(=C(C)C=2)C)=N1
mol952,C1(C2C=CC=C(C)C=2)(C2=CC=CC(C)=C2)CC1C(=O)N/N=C/C1=CC=C(C(OC)=C1)OC
mol953,C1(=O)NC2C=C(C)C=CC=2C(=C)N1C1C=CC=CC=1
mol954,C1(O)=C(C=CC=C1/C=N/NC(CCCC1C=CC(=C(C)C=1)OC)=O)O
mol955,C(NCC#N)(=O)C1C=CC(=CC=1)OC
mol956,N(=O)(=O)C1=CC=C(C=C1)COC1=CC=C(C=C1)/C=N/NC(CSCC1=CC=CC=C1Cl)=O
mol957,C1(=CC2=CC=CC=C2OC1=O)C1=CN=C(NN=CC2=CC=CC=C2OC)S1
mol958,C(=O)(NC1=CC=CC=C1C(F)(F)F)C1C=CC=CC=1Cl
mol959,C1(/C=N/NC(CSCC2=CC=CC=C2Cl)=O)C(=CC=CC=1Cl)Cl
mol960,S(=O)(=O)(C1=CC=C(C=C1)C)NC1=CC=C(C=C1CNC1N(C)C2=C(C=CC=C2)N=1)Br
mol961,C1(SC(=C(C2C=CC(=CC=2Cl)Cl)N=1)CCC)NC(=O)C1C=CC(=C(Cl)C=1)Cl
mol962,C1(OC)=C(OC)C=C(C=C1OC)/C=N/NC(CSCC1=CC=CC=C1Cl)=O
mol963,N1(C=NC2C=C(C)C(C)=CC1=2)C(=O)C1=CC=C(C=C1OC)SC
mol964,C(=O)(OC1=CC=C(C=C1)/C=N/NC(=O)C1C=CC(=CC=1)OC)C1C=CC=CC=1OC(C)=O
mol965,C(C(C)C)(=O)NC1=CC=CC(=C1)NC(COC1=CC=CC=C1Cl)=O
mol966,C(CSCC1=CC=CC=C1Cl)(=O)N/N=C/C1=CC=CC=C1OCC1=CC=CC=C1
mol967,C12(OC(C3C(N(C4=CC=CC(C)=C4C)C(=O)C13)=O)C1C=CC=CC=1)C(=O)C1=C(C=CC=C1)C2=O
mol968,C1(NC(CCCCCCCCCCCCCCC)=O)C(=O)NC2=C(C=CC=C2)C=1O
mol969,C12C(=O)CC(CC=1NC1C=CC3=CC=CC=C3C=1C2C1=CC=C2C(OCO2)=C1)(C)C
mol970,N1(C)C(=O)C(SC1=S)=CC1C=CC=C(C=1)OCC1C(=CC=CC=1Cl)Cl
mol971,N1(CC2C=CC(=CC=2)OC)C(=O)C(SC1=S)=CC1C=CC(=C(C)C=1)OC
mol972,S(=O)(=O)(C1=CC=C(C=C1)OC)OC1=CC=C(C=C1)/C=N/NC(=O)C1=CC=C(C=C1)O
mol973,C(CSCC1=CC=CC=C1Cl)(=O)N/N=C/C1=CC=CC(Cl)=C1
mol974,C(=O)(NC1=CC=C(C(C)=C1)C)C(NCCC1CCCCC=1)=O
mol975,N1(CN2CCC(CC2)CC2=CC=CC=C2)C2C=CC=CC=2/C(=N/C2C=CC(=CC=2)Cl)/C1=O
mol976,C1(=CC=CC2=CC=CC=C12)CC(NN)=O
mol977,C1(C(=O)NC2C(O)=CC=C(C=2)N(=O)=O)=C(O)C2C=CC=CC=2N(CCCCC)C1=O
mol978,C(=O)(OC1=CC=C(C=C1)/C=N/NC(=O)C1=CC=C(C=C1)C)C1C=CC=CC=1OC(C)=O
mol979,N(=O)(=O)C1=C(NCCNC(=O)C2=CC(F)=C(C=C2Cl)F)C=CC(=C1)C(F)(F)F
mol980,C1(=NC2=CC=CC=C2)SC(C(=O)N1C(C)C)=CC1=CC=C(C=C1)N(C)C
mol981,C12C=C(C)C=C(C)C=1N=C(SCCC#N)N=C2C
mol982,N(=O)(=O)C1=CC=C(C=C1)/C(/C)=N\NC(CSCC1C=CC=CC=1Cl)=O
mol983,C12C(=O)CC(CC=1NC(C)=C(C#N)C2C1=CC=C(C=C1)Cl)(C)C
mol984,S(=O)(=O)(C1=CC=C(C=C1)SC)N(C1C=CC(=CC=1)OCC)CC(NCCSCC1=CC=C(C(Cl)=C1)Cl)=O
mol985,N1(CCN(CC1)C1C=CC=C(Cl)C=1)C(=O)COC1C=CC=CC=1
mol986,C(=O)(C1=CC=C(C=C1)OC1=CC=C(C=C1)C(=O)NC1C=CC(=CC=1)C(C1=CC=CC=C1)=O)NC1C=CC(=CC=1)C(C1C=CC=CC=1)=O
mol987,N12N=C(C=C1NC(C)=C(CC)C2=O)C
mol988,C(=O)(N1CCN(CC1)C1=CC=CC(Cl)=C1)C1C=C(OC)C(=C(OC)C=1)OC
mol989,N(=O)(=O)C1=CC=C(C=C1)C(=O)NC1C=CC(=C(F)C=1)C
mol990,C(CSCC1=CC=CC=C1Br)(=O)N/N=C/C1=CC=C(C(OCC)=C1)OCC=C
mol991,N1(CC(=O)NC(C)COC)C(=O)C2C(=CC=CC=2)C1=O
mol992,N1(CNC2C=CC=CC=2C(OCC)=O)C(=O)/C(/SC1=O)=C/C1=CC=C(C=C1)O
mol993,C1(C=CC(=CC=1Cl)N(=O)=O)C(=O)N(CC)CC1=CC=CC=C1
mol994,C(F)(F)(C(F)(F)COC1C=CC(=CC=1NC(=O)C1=CC=CC(=C1)N(=O)=O)C(F)(F)F)C(F)(F)C(F)F
mol995,N(=O)(=O)C1C=CC=CC=1C(=O)NC(C1=CC=CC=C1)C1C=CC=CC=1
mol996,C1(NC(C2C=CC=CC=2)=O)SC(C(=O)C=1C(OCC)=O)=CC1=CC(OC)=C(C(OC)=C1)OC
mol997,C1(/C=N/NC(CSCC2=CC=CC=C2Br)=O)C=C2OCOC2=CC=1Br
mol998,N(C(=O)C1=CC=C(C=C1)C1=CC=CC=C1)C(=S)NC1C=CC(=C(C(O)=O)C=1)Cl
mol999,C1(C(=O)NN=CC2=CC=C(C(OC)=C2N(=O)=O)OC(C)=O)NN=C(C(C)(C)C)C=1
mol1000,C1(N(C)C)=CC=C(C=C1Br)/C=N/NC(CSCC1=CC=CC=C1Br)=O
